mode,model,learner,split_seed,learner_seed,theta,se,m_below_trim,m_above_trim
expA,PLR,boosting,0,0,9278.534016776219,1389.5959726935903,0.0,0.0
expA,IRM,boosting,0,0,8097.736658090603,1223.908703817884,0.0,0.0
expA,PLR,boosting,1,0,8198.690735908134,1352.1611852324322,0.0,0.0
expA,IRM,boosting,1,0,8151.330738224434,1156.3844766622963,0.0,0.0
expA,PLR,boosting,2,0,8833.857836735753,1358.946812292586,0.0,0.0
expA,IRM,boosting,2,0,8236.11706375798,1170.5404119038803,0.0,0.0
expA,PLR,boosting,3,0,8559.832025339472,1339.0509435323822,0.0,0.0
expA,IRM,boosting,3,0,7855.826155879779,1150.3569547818906,0.0,0.0
expA,PLR,boosting,4,0,9004.714041620624,1380.2994848014182,0.0,0.0
expA,IRM,boosting,4,0,8144.457772654433,1261.595109994362,0.0,0.0
expA,PLR,boosting,5,0,8624.84915747786,1317.4272220914868,0.0,0.0
expA,IRM,boosting,5,0,7951.987151835792,1249.7056727122872,0.0,0.0
expA,PLR,boosting,6,0,9142.977428121352,1416.6044258411325,0.0,0.0
expA,IRM,boosting,6,0,7995.887855758761,1198.382288275186,0.0,0.0
expA,PLR,boosting,7,0,9067.283653267676,1347.1966643610344,0.0,0.0
expA,IRM,boosting,7,0,7850.26063983273,1184.3939458817129,0.0,0.0
expA,PLR,boosting,8,0,8454.755384013568,1339.9547403065235,0.0,0.0
expA,IRM,boosting,8,0,7959.614504979247,1223.0039841048476,0.0,0.0
expA,PLR,boosting,9,0,8410.546045064559,1358.3909305044765,0.0,0.0
expA,IRM,boosting,9,0,7883.627205914812,1159.8163937191605,0.0,0.0
expA,PLR,boosting,10,0,9249.403507149282,1379.008903278944,0.0,0.0
expA,IRM,boosting,10,0,8188.893691509064,1155.6578761056105,0.0,0.0
expA,PLR,boosting,11,0,9093.896662448382,1373.2001290004403,0.0,0.0
expA,IRM,boosting,11,0,7673.797663756972,1190.8158840849499,0.0,0.0
expA,PLR,boosting,12,0,8764.394454540929,1372.9369389096485,0.0,0.0
expA,IRM,boosting,12,0,7809.7097546680525,1193.8091138166346,0.0,0.0
expA,PLR,boosting,13,0,8455.627471772965,1327.2135319652796,0.0,0.0
expA,IRM,boosting,13,0,7195.710755290778,1183.314634257399,0.0,0.0
expA,PLR,boosting,14,0,9022.682940222643,1347.586541211409,0.0,0.0
expA,IRM,boosting,14,0,8042.852063049898,1272.971610218136,0.0,0.0
expA,PLR,boosting,15,0,8785.11283599369,1333.565778245233,0.00010085728693898134,0.0
expA,IRM,boosting,15,0,7877.029533782364,1169.294313417701,0.00010085728693898134,0.0
expA,PLR,boosting,16,0,8748.157935525955,1309.8428989136971,0.0,0.0
expA,IRM,boosting,16,0,7958.780966741394,1172.5076378302326,0.0,0.0
expA,PLR,boosting,17,0,8302.46822305371,1369.1636302964844,0.000605143721633888,0.0
expA,IRM,boosting,17,0,7628.2495810765,1203.2638948368708,0.000605143721633888,0.0
expA,PLR,boosting,18,0,8737.92589903726,1305.1669333630641,0.0,0.0
expA,IRM,boosting,18,0,7670.611310028313,1194.6530464910509,0.0,0.0
expA,PLR,boosting,19,0,8628.118693663964,1383.4153127955462,0.00020171457387796267,0.0
expA,IRM,boosting,19,0,7751.125392245754,1203.3038869965915,0.00020171457387796267,0.0
expA,PLR,boosting,20,0,9295.419136755156,1355.823899436768,0.0,0.0
expA,IRM,boosting,20,0,7833.074167650914,1207.205921745573,0.0,0.0
expA,PLR,boosting,21,0,9052.643443527717,1354.017580564179,0.0,0.0
expA,IRM,boosting,21,0,8261.986809069742,1234.5882531248485,0.0,0.0
expA,PLR,boosting,22,0,8158.577812337569,1318.4398329563987,0.0,0.0
expA,IRM,boosting,22,0,7701.818837397045,1155.1878331964808,0.0,0.0
expA,PLR,boosting,23,0,8596.871027056979,1338.9483415151046,0.0,0.0
expA,IRM,boosting,23,0,8030.672839428516,1210.780206432581,0.0,0.0
expA,PLR,boosting,24,0,8965.174214196937,1365.5109006130583,0.0,0.0
expA,IRM,boosting,24,0,8172.0583714058885,1222.297922407035,0.0,0.0
expA,PLR,boosting,25,0,8580.157450623568,1317.8732551536746,0.0,0.0
expA,IRM,boosting,25,0,7798.185056377358,1189.486870146903,0.0,0.0
expA,PLR,boosting,26,0,8909.178625478024,1345.1786856719525,0.00020171457387796267,0.0
expA,IRM,boosting,26,0,8004.700101295407,1207.9084625414632,0.00020171457387796267,0.0
expA,PLR,boosting,27,0,8127.303577158743,1341.6570988857713,0.0,0.0
expA,IRM,boosting,27,0,7696.794601789918,1214.2450620965053,0.0,0.0
expA,PLR,boosting,28,0,8800.812527357099,1326.7443966755775,0.000907715582450832,0.0
expA,IRM,boosting,28,0,8447.211993040679,1265.0307025362952,0.000907715582450832,0.0
expA,PLR,boosting,29,0,8794.336153568036,1368.380801496315,0.0,0.0
expA,IRM,boosting,29,0,8025.153508326797,1210.966693372209,0.0,0.0
expA,PLR,boosting,30,0,8595.686586610213,1366.6459420079636,0.0,0.0
expA,IRM,boosting,30,0,8031.635350483094,1191.5195330549182,0.0,0.0
expA,PLR,boosting,31,0,8611.935586960257,1356.8002983862366,0.0,0.0
expA,IRM,boosting,31,0,7846.037981126858,1199.7135174063387,0.0,0.0
expA,PLR,boosting,32,0,8580.344354457302,1338.027455236472,0.00010085728693898134,0.0
expA,IRM,boosting,32,0,8214.414825620055,1174.8706675145322,0.00010085728693898134,0.0
expA,PLR,boosting,33,0,8704.618151320714,1350.090078558272,0.0,0.0
expA,IRM,boosting,33,0,8054.125464271934,1195.3348564757273,0.0,0.0
expA,PLR,boosting,34,0,8957.609087451892,1360.3071104663086,0.0,0.0
expA,IRM,boosting,34,0,8198.365637979596,1219.0623713330285,0.0,0.0
expA,PLR,boosting,35,0,8503.532272717466,1396.4108107894738,0.0,0.0
expA,IRM,boosting,35,0,7833.832470472795,1227.7807181722885,0.0,0.0
expA,PLR,boosting,36,0,9037.577808109685,1366.5179531369686,0.0,0.0
expA,IRM,boosting,36,0,7951.917247909447,1225.3033473589135,0.0,0.0
expA,PLR,boosting,37,0,8817.165417070815,1336.7179093377551,0.0,0.0
expA,IRM,boosting,37,0,7971.828958235115,1163.889082139157,0.0,0.0
expA,PLR,boosting,38,0,8535.652739392697,1346.6741764995752,0.0,0.0
expA,IRM,boosting,38,0,7609.3199458139525,1180.4742934047877,0.0,0.0
expA,PLR,boosting,39,0,8960.962295309766,1342.4295692782814,0.0,0.0
expA,IRM,boosting,39,0,7763.387027970998,1187.4244199377674,0.0,0.0
expA,PLR,boosting,40,0,9096.914804647837,1309.5485326228757,0.0,0.0
expA,IRM,boosting,40,0,7638.9411587608065,1154.7895688814485,0.0,0.0
expA,PLR,boosting,41,0,8808.313075839716,1350.9107067708223,0.0,0.0
expA,IRM,boosting,41,0,7705.022334625982,1195.6732694497366,0.0,0.0
expA,PLR,boosting,42,0,8483.89746332395,1384.6431587241757,0.0,0.0
expA,IRM,boosting,42,0,8067.7770786393185,1197.6152848705146,0.0,0.0
expA,PLR,boosting,43,0,8592.68589371266,1378.0890025268425,0.0,0.0
expA,IRM,boosting,43,0,7963.012002682079,1199.4229072990115,0.0,0.0
expA,PLR,boosting,44,0,9417.01281938215,1351.5873901804498,0.0,0.0
expA,IRM,boosting,44,0,7888.272730802701,1165.2606358332084,0.0,0.0
expA,PLR,boosting,45,0,8815.830754622808,1353.9393458673694,0.0,0.0
expA,IRM,boosting,45,0,7716.359841645395,1172.184729522366,0.0,0.0
expA,PLR,boosting,46,0,8389.192935906762,1324.7300110451997,0.00010085728693898134,0.0
expA,IRM,boosting,46,0,8548.55113651718,1151.5408611561043,0.00010085728693898134,0.0
expA,PLR,boosting,47,0,9152.729645497193,1358.9422423209007,0.0,0.0
expA,IRM,boosting,47,0,7824.800026004309,1164.7309941532144,0.0,0.0
expA,PLR,boosting,48,0,9271.089984922146,1347.2620624027145,0.000302571860816944,0.0
expA,IRM,boosting,48,0,7731.833872263175,1191.27686437148,0.000302571860816944,0.0
expA,PLR,boosting,49,0,9258.77389858264,1354.6307968625429,0.0,0.0
expA,IRM,boosting,49,0,7837.79676013771,1152.660159978468,0.0,0.0
expA,PLR,boosting,50,0,9093.211698029061,1366.126899332459,0.0,0.0
expA,IRM,boosting,50,0,7611.484509558712,1212.5020951504578,0.0,0.0
expA,PLR,boosting,51,0,9557.481310205822,1369.8417711268692,0.0,0.0
expA,IRM,boosting,51,0,8394.862466525923,1190.9508706886534,0.0,0.0
expA,PLR,boosting,52,0,8456.114988198906,1322.5142393326078,0.00010085728693898134,0.0
expA,IRM,boosting,52,0,7782.814654077103,1128.6128746848988,0.00010085728693898134,0.0
expA,PLR,boosting,53,0,8564.659355540576,1337.144211744652,0.00010085728693898134,0.0
expA,IRM,boosting,53,0,7852.281239818582,1174.9824335201968,0.00010085728693898134,0.0
expA,PLR,boosting,54,0,8861.969364748213,1366.770096468921,0.0,0.0
expA,IRM,boosting,54,0,7636.22811308174,1180.4940059424048,0.0,0.0
expA,PLR,boosting,55,0,8526.091926678484,1330.7900661445597,0.0011094301563287948,0.0
expA,IRM,boosting,55,0,7894.59362195538,1213.7662524787154,0.0011094301563287948,0.0
expA,PLR,boosting,56,0,8640.389758131098,1340.7877520502493,0.0,0.0
expA,IRM,boosting,56,0,7818.831667854746,1184.5629996082866,0.0,0.0
expA,PLR,boosting,57,0,7941.747496822258,1350.9221315479274,0.00010085728693898134,0.0
expA,IRM,boosting,57,0,7405.284158058827,1175.8582114820072,0.00010085728693898134,0.0
expA,PLR,boosting,58,0,8734.933907177163,1331.4742156925709,0.0,0.0
expA,IRM,boosting,58,0,7650.256244939826,1195.5538113019568,0.0,0.0
expA,PLR,boosting,59,0,8659.729358749433,1346.3668868860677,0.0,0.0
expA,IRM,boosting,59,0,7940.8602001210775,1147.4130652862427,0.0,0.0
expA,PLR,boosting,60,0,8919.00446370878,1423.0976687640793,0.0,0.0
expA,IRM,boosting,60,0,7964.582702351618,1169.8880367247239,0.0,0.0
expA,PLR,boosting,61,0,9004.154216040386,1358.3779993065289,0.0,0.0
expA,IRM,boosting,61,0,8215.67691240307,1265.9694774981535,0.0,0.0
expA,PLR,boosting,62,0,9173.770142369382,1369.9990622358318,0.0,0.0
expA,IRM,boosting,62,0,8326.817352558912,1231.0960006990285,0.0,0.0
expA,PLR,boosting,63,0,8978.42002233379,1367.4962658639674,0.0,0.0
expA,IRM,boosting,63,0,8037.942569248917,1228.4094800907924,0.0,0.0
expA,PLR,boosting,64,0,8849.162464619361,1379.2887276266572,0.0,0.0
expA,IRM,boosting,64,0,7941.521054865216,1178.9839945966246,0.0,0.0
expA,PLR,boosting,65,0,8698.300659373486,1334.9863674256972,0.000302571860816944,0.0
expA,IRM,boosting,65,0,7775.507137609592,1182.9060453996528,0.000302571860816944,0.0
expA,PLR,boosting,66,0,9339.405929429504,1348.084404825805,0.0,0.0
expA,IRM,boosting,66,0,7640.721861935626,1175.3913495052443,0.0,0.0
expA,PLR,boosting,67,0,9337.23803775605,1345.6972516187368,0.0,0.0
expA,IRM,boosting,67,0,8021.437034015027,1189.568109284082,0.0,0.0
expA,PLR,boosting,68,0,8733.805796411736,1334.4319424794328,0.0,0.0
expA,IRM,boosting,68,0,8003.213949764475,1194.6549041701462,0.0,0.0
expA,PLR,boosting,69,0,8127.591094857832,1335.7670338019545,0.0,0.0
expA,IRM,boosting,69,0,7453.359223853736,1215.4090651022796,0.0,0.0
expA,PLR,boosting,70,0,8113.2803284415495,1383.9853877018413,0.0,0.0
expA,IRM,boosting,70,0,7890.065647722413,1184.0676581556186,0.0,0.0
expA,PLR,boosting,71,0,8579.69765084011,1339.4085224120315,0.00020171457387796267,0.0
expA,IRM,boosting,71,0,7758.7097661156295,1199.2938025374108,0.00020171457387796267,0.0
expA,PLR,boosting,72,0,8213.833557831045,1388.1583659643109,0.0005042864346949068,0.0
expA,IRM,boosting,72,0,7628.37139840551,1242.8611218131814,0.0005042864346949068,0.0
expA,PLR,boosting,73,0,8798.141934571868,1420.7371302104525,0.0,0.0
expA,IRM,boosting,73,0,7336.867145039154,1279.627341602327,0.0,0.0
expA,PLR,boosting,74,0,8749.095350382613,1340.9155458540693,0.0,0.0
expA,IRM,boosting,74,0,8004.516351617978,1192.042181357027,0.0,0.0
expA,PLR,boosting,75,0,8739.336944336006,1382.7949534599645,0.0,0.0
expA,IRM,boosting,75,0,7741.873872572042,1193.2599042478644,0.0,0.0
expA,PLR,boosting,76,0,8727.818806700596,1359.1679794447293,0.0,0.0
expA,IRM,boosting,76,0,8376.733868229372,1172.526893488704,0.0,0.0
expA,PLR,boosting,77,0,8167.505048747643,1373.0320945295073,0.00020171457387796267,0.0
expA,IRM,boosting,77,0,7458.268040778444,1199.8767861331214,0.00020171457387796267,0.0
expA,PLR,boosting,78,0,8830.47540028394,1320.5158347999936,0.0,0.0
expA,IRM,boosting,78,0,7979.620046073328,1171.7085336005805,0.0,0.0
expA,PLR,boosting,79,0,8513.808889538745,1347.0257411242585,0.0,0.0
expA,IRM,boosting,79,0,8102.995213212254,1158.4605714818708,0.0,0.0
expA,PLR,boosting,80,0,8748.932647337735,1364.9384421392506,0.0,0.0
expA,IRM,boosting,80,0,7766.628003495311,1204.1143904380883,0.0,0.0
expA,PLR,boosting,81,0,9249.56092389523,1331.7465510393888,0.0,0.0
expA,IRM,boosting,81,0,7961.751528581994,1145.7185293708155,0.0,0.0
expA,PLR,boosting,82,0,8924.960388148585,1399.4843142225989,0.0,0.0
expA,IRM,boosting,82,0,7695.897092087204,1194.4012922056697,0.0,0.0
expA,PLR,boosting,83,0,8779.51259903984,1327.7176088107651,0.0,0.0
expA,IRM,boosting,83,0,8211.22599275931,1209.3690714611532,0.0,0.0
expA,PLR,boosting,84,0,9438.628027834739,1331.1186606828428,0.0,0.0
expA,IRM,boosting,84,0,7868.336769781174,1186.2190120829175,0.0,0.0
expA,PLR,boosting,85,0,8647.91615673072,1349.0339808580056,0.0,0.0
expA,IRM,boosting,85,0,7549.914305510549,1182.1412486192196,0.0,0.0
expA,PLR,boosting,86,0,9239.815280780218,1313.4201710450934,0.000605143721633888,0.0
expA,IRM,boosting,86,0,7973.634574050017,1175.1688218062004,0.000605143721633888,0.0
expA,PLR,boosting,87,0,8825.677392496591,1350.5939983424826,0.0,0.0
expA,IRM,boosting,87,0,7676.885673004737,1180.510529689027,0.0,0.0
expA,PLR,boosting,88,0,8232.090535748332,1377.6651732665732,0.0,0.0
expA,IRM,boosting,88,0,7545.946792346061,1221.80244042934,0.0,0.0
expA,PLR,boosting,89,0,8977.615328659977,1335.8120379194563,0.0,0.0
expA,IRM,boosting,89,0,7820.654083108703,1191.180342991681,0.0,0.0
expA,PLR,boosting,90,0,8924.15289891806,1321.6335690953988,0.000907715582450832,0.0
expA,IRM,boosting,90,0,7299.9589883230965,1170.1101995554352,0.000907715582450832,0.0
expA,PLR,boosting,91,0,8754.061418558515,1373.7015944912696,0.00010085728693898134,0.0
expA,IRM,boosting,91,0,8228.832177519613,1176.0893699658889,0.00010085728693898134,0.0
expA,PLR,boosting,92,0,8251.057175552818,1360.7863302750532,0.00010085728693898134,0.0
expA,IRM,boosting,92,0,8022.693964416744,1258.607159952483,0.00010085728693898134,0.0
expA,PLR,boosting,93,0,8590.008806281377,1327.2572065467248,0.0,0.0
expA,IRM,boosting,93,0,7819.164974838592,1167.9541015363807,0.0,0.0
expA,PLR,boosting,94,0,8864.930861592895,1373.2016049704328,0.0,0.0
expA,IRM,boosting,94,0,7763.635616685209,1157.0561386116322,0.0,0.0
expA,PLR,boosting,95,0,8861.232308330515,1357.7406863737158,0.0,0.0
expA,IRM,boosting,95,0,7847.188053212617,1193.376942635147,0.0,0.0
expA,PLR,boosting,96,0,8434.618671781025,1333.3874042796692,0.00010085728693898134,0.0
expA,IRM,boosting,96,0,7803.342323012402,1169.5513107943561,0.00010085728693898134,0.0
expA,PLR,boosting,97,0,8486.99413646492,1333.3978556545753,0.0,0.0
expA,IRM,boosting,97,0,7593.120443141733,1190.8510172036388,0.0,0.0
expA,PLR,boosting,98,0,8252.607300365762,1374.9953827460602,0.0,0.0
expA,IRM,boosting,98,0,7534.980865752234,1238.6657885045472,0.0,0.0
expA,PLR,boosting,99,0,8878.957458007366,1333.7086372871886,0.0,0.0
expA,IRM,boosting,99,0,7775.0101922299245,1198.1575425098636,0.0,0.0
