table,code,label,quarter,value
"T1.5.2 기여도(%p, 연율)",A191RL,Gross domestic product,2015Q1,3.6
"T1.5.2 기여도(%p, 연율)",A191RL,Gross domestic product,2015Q2,2.5
"T1.5.2 기여도(%p, 연율)",A191RL,Gross domestic product,2015Q3,1.6
"T1.5.2 기여도(%p, 연율)",A191RL,Gross domestic product,2015Q4,0.7
"T1.5.2 기여도(%p, 연율)",A191RL,Gross domestic product,2016Q1,2.3
"T1.5.2 기여도(%p, 연율)",A191RL,Gross domestic product,2016Q2,1.3
"T1.5.2 기여도(%p, 연율)",A191RL,Gross domestic product,2016Q3,2.9
"T1.5.2 기여도(%p, 연율)",A191RL,Gross domestic product,2016Q4,2.2
"T1.5.2 기여도(%p, 연율)",A191RL,Gross domestic product,2017Q1,2
"T1.5.2 기여도(%p, 연율)",A191RL,Gross domestic product,2017Q2,2.3
"T1.5.2 기여도(%p, 연율)",A191RL,Gross domestic product,2017Q3,3.2
"T1.5.2 기여도(%p, 연율)",A191RL,Gross domestic product,2017Q4,4.6
"T1.5.2 기여도(%p, 연율)",A191RL,Gross domestic product,2018Q1,3.3
"T1.5.2 기여도(%p, 연율)",A191RL,Gross domestic product,2018Q2,2.1
"T1.5.2 기여도(%p, 연율)",A191RL,Gross domestic product,2018Q3,2.5
"T1.5.2 기여도(%p, 연율)",A191RL,Gross domestic product,2018Q4,0.6
"T1.5.2 기여도(%p, 연율)",A191RL,Gross domestic product,2019Q1,2.5
"T1.5.2 기여도(%p, 연율)",A191RL,Gross domestic product,2019Q2,3.4
"T1.5.2 기여도(%p, 연율)",A191RL,Gross domestic product,2019Q3,4.8
"T1.5.2 기여도(%p, 연율)",A191RL,Gross domestic product,2019Q4,2.8
"T1.5.2 기여도(%p, 연율)",A191RL,Gross domestic product,2020Q1,-5.2
"T1.5.2 기여도(%p, 연율)",A191RL,Gross domestic product,2020Q2,-28
"T1.5.2 기여도(%p, 연율)",A191RL,Gross domestic product,2020Q3,34.9
"T1.5.2 기여도(%p, 연율)",A191RL,Gross domestic product,2020Q4,4.6
"T1.5.2 기여도(%p, 연율)",A191RL,Gross domestic product,2021Q1,5.7
"T1.5.2 기여도(%p, 연율)",A191RL,Gross domestic product,2021Q2,7
"T1.5.2 기여도(%p, 연율)",A191RL,Gross domestic product,2021Q3,3.3
"T1.5.2 기여도(%p, 연율)",A191RL,Gross domestic product,2021Q4,7
"T1.5.2 기여도(%p, 연율)",A191RL,Gross domestic product,2022Q1,-1
"T1.5.2 기여도(%p, 연율)",A191RL,Gross domestic product,2022Q2,0.6
"T1.5.2 기여도(%p, 연율)",A191RL,Gross domestic product,2022Q3,2.9
"T1.5.2 기여도(%p, 연율)",A191RL,Gross domestic product,2022Q4,2.8
"T1.5.2 기여도(%p, 연율)",A191RL,Gross domestic product,2023Q1,2.9
"T1.5.2 기여도(%p, 연율)",A191RL,Gross domestic product,2023Q2,2.5
"T1.5.2 기여도(%p, 연율)",A191RL,Gross domestic product,2023Q3,4.7
"T1.5.2 기여도(%p, 연율)",A191RL,Gross domestic product,2023Q4,3.4
"T1.5.2 기여도(%p, 연율)",A191RL,Gross domestic product,2024Q1,0.8
"T1.5.2 기여도(%p, 연율)",A191RL,Gross domestic product,2024Q2,3.6
"T1.5.2 기여도(%p, 연율)",A191RL,Gross domestic product,2024Q3,3.3
"T1.5.2 기여도(%p, 연율)",A191RL,Gross domestic product,2024Q4,1.9
"T1.5.2 기여도(%p, 연율)",A191RL,Gross domestic product,2025Q1,-0.6
"T1.5.2 기여도(%p, 연율)",A191RL,Gross domestic product,2025Q2,3.8
"T1.5.2 기여도(%p, 연율)",A191RL,Gross domestic product,2025Q3,4.4
"T1.5.2 기여도(%p, 연율)",A191RL,Gross domestic product,2025Q4,0.5
"T1.5.2 기여도(%p, 연율)",A191RL,Gross domestic product,2026Q1,2.1
"T1.5.2 기여도(%p, 연율)",A191RL,Gross domestic product,2026Q2,1.5
"T1.5.2 기여도(%p, 연율)",A008RY,Nonresidential,2015Q1,0.02
"T1.5.2 기여도(%p, 연율)",A008RY,Nonresidential,2015Q2,0.38
"T1.5.2 기여도(%p, 연율)",A008RY,Nonresidential,2015Q3,0.33
"T1.5.2 기여도(%p, 연율)",A008RY,Nonresidential,2015Q4,-0.24
"T1.5.2 기여도(%p, 연율)",A008RY,Nonresidential,2016Q1,0.05
"T1.5.2 기여도(%p, 연율)",A008RY,Nonresidential,2016Q2,0.46
"T1.5.2 기여도(%p, 연율)",A008RY,Nonresidential,2016Q3,0.81
"T1.5.2 기여도(%p, 연율)",A008RY,Nonresidential,2016Q4,0.43
"T1.5.2 기여도(%p, 연율)",A008RY,Nonresidential,2017Q1,0.54
"T1.5.2 기여도(%p, 연율)",A008RY,Nonresidential,2017Q2,0.61
"T1.5.2 기여도(%p, 연율)",A008RY,Nonresidential,2017Q3,0.53
"T1.5.2 기여도(%p, 연율)",A008RY,Nonresidential,2017Q4,1.3
"T1.5.2 기여도(%p, 연율)",A008RY,Nonresidential,2018Q1,1.53
"T1.5.2 기여도(%p, 연율)",A008RY,Nonresidential,2018Q2,0.63
"T1.5.2 기여도(%p, 연율)",A008RY,Nonresidential,2018Q3,0.35
"T1.5.2 기여도(%p, 연율)",A008RY,Nonresidential,2018Q4,0.5
"T1.5.2 기여도(%p, 연율)",A008RY,Nonresidential,2019Q1,0.38
"T1.5.2 기여도(%p, 연율)",A008RY,Nonresidential,2019Q2,1.06
"T1.5.2 기여도(%p, 연율)",A008RY,Nonresidential,2019Q3,0.55
"T1.5.2 기여도(%p, 연율)",A008RY,Nonresidential,2019Q4,-0.24
"T1.5.2 기여도(%p, 연율)",A008RY,Nonresidential,2020Q1,-0.96
"T1.5.2 기여도(%p, 연율)",A008RY,Nonresidential,2020Q2,-4.15
"T1.5.2 기여도(%p, 연율)",A008RY,Nonresidential,2020Q3,2.69
"T1.5.2 기여도(%p, 연율)",A008RY,Nonresidential,2020Q4,1.5
"T1.5.2 기여도(%p, 연율)",A008RY,Nonresidential,2021Q1,1.22
"T1.5.2 기여도(%p, 연율)",A008RY,Nonresidential,2021Q2,1.31
"T1.5.2 기여도(%p, 연율)",A008RY,Nonresidential,2021Q3,-0.18
"T1.5.2 기여도(%p, 연율)",A008RY,Nonresidential,2021Q4,0.43
"T1.5.2 기여도(%p, 연율)",A008RY,Nonresidential,2022Q1,1.49
"T1.5.2 기여도(%p, 연율)",A008RY,Nonresidential,2022Q2,0.91
"T1.5.2 기여도(%p, 연율)",A008RY,Nonresidential,2022Q3,0.8
"T1.5.2 기여도(%p, 연율)",A008RY,Nonresidential,2022Q4,0.94
"T1.5.2 기여도(%p, 연율)",A008RY,Nonresidential,2023Q1,1.13
"T1.5.2 기여도(%p, 연율)",A008RY,Nonresidential,2023Q2,1.47
"T1.5.2 기여도(%p, 연율)",A008RY,Nonresidential,2023Q3,0.25
"T1.5.2 기여도(%p, 연율)",A008RY,Nonresidential,2023Q4,0.76
"T1.5.2 기여도(%p, 연율)",A008RY,Nonresidential,2024Q1,0.22
"T1.5.2 기여도(%p, 연율)",A008RY,Nonresidential,2024Q2,0.35
"T1.5.2 기여도(%p, 연율)",A008RY,Nonresidential,2024Q3,0.48
"T1.5.2 기여도(%p, 연율)",A008RY,Nonresidential,2024Q4,-0.51
"T1.5.2 기여도(%p, 연율)",A008RY,Nonresidential,2025Q1,1.24
"T1.5.2 기여도(%p, 연율)",A008RY,Nonresidential,2025Q2,0.98
"T1.5.2 기여도(%p, 연율)",A008RY,Nonresidential,2025Q3,0.44
"T1.5.2 기여도(%p, 연율)",A008RY,Nonresidential,2025Q4,0.33
"T1.5.2 기여도(%p, 연율)",A008RY,Nonresidential,2026Q1,1.42
"T1.5.2 기여도(%p, 연율)",A008RY,Nonresidential,2026Q2,1.15
"T1.5.2 기여도(%p, 연율)",Y033RY,Equipment,2015Q1,0.27
"T1.5.2 기여도(%p, 연율)",Y033RY,Equipment,2015Q2,0.11
"T1.5.2 기여도(%p, 연율)",Y033RY,Equipment,2015Q3,0.42
"T1.5.2 기여도(%p, 연율)",Y033RY,Equipment,2015Q4,-0.27
"T1.5.2 기여도(%p, 연율)",Y033RY,Equipment,2016Q1,-0.06
"T1.5.2 기여도(%p, 연율)",Y033RY,Equipment,2016Q2,-0.25
"T1.5.2 기여도(%p, 연율)",Y033RY,Equipment,2016Q3,-0.02
"T1.5.2 기여도(%p, 연율)",Y033RY,Equipment,2016Q4,0.12
"T1.5.2 기여도(%p, 연율)",Y033RY,Equipment,2017Q1,0.15
"T1.5.2 기여도(%p, 연율)",Y033RY,Equipment,2017Q2,0.45
"T1.5.2 기여도(%p, 연율)",Y033RY,Equipment,2017Q3,0.4
"T1.5.2 기여도(%p, 연율)",Y033RY,Equipment,2017Q4,0.73
"T1.5.2 기여도(%p, 연율)",Y033RY,Equipment,2018Q1,0.43
"T1.5.2 기여도(%p, 연율)",Y033RY,Equipment,2018Q2,0.05
"T1.5.2 기여도(%p, 연율)",Y033RY,Equipment,2018Q3,0
"T1.5.2 기여도(%p, 연율)",Y033RY,Equipment,2018Q4,0.31
"T1.5.2 기여도(%p, 연율)",Y033RY,Equipment,2019Q1,0.13
"T1.5.2 기여도(%p, 연율)",Y033RY,Equipment,2019Q2,0.24
"T1.5.2 기여도(%p, 연율)",Y033RY,Equipment,2019Q3,-0.35
"T1.5.2 기여도(%p, 연율)",Y033RY,Equipment,2019Q4,-0.52
"T1.5.2 기여도(%p, 연율)",Y033RY,Equipment,2020Q1,-1.1
"T1.5.2 기여도(%p, 연율)",Y033RY,Equipment,2020Q2,-2.23
"T1.5.2 기여도(%p, 연율)",Y033RY,Equipment,2020Q3,2.42
"T1.5.2 기여도(%p, 연율)",Y033RY,Equipment,2020Q4,0.9
"T1.5.2 기여도(%p, 연율)",Y033RY,Equipment,2021Q1,0.32
"T1.5.2 기여도(%p, 연율)",Y033RY,Equipment,2021Q2,0.63
"T1.5.2 기여도(%p, 연율)",Y033RY,Equipment,2021Q3,-0.59
"T1.5.2 기여도(%p, 연율)",Y033RY,Equipment,2021Q4,0
"T1.5.2 기여도(%p, 연율)",Y033RY,Equipment,2022Q1,0.6
"T1.5.2 기여도(%p, 연율)",Y033RY,Equipment,2022Q2,0.04
"T1.5.2 기여도(%p, 연율)",Y033RY,Equipment,2022Q3,0.14
"T1.5.2 기여도(%p, 연율)",Y033RY,Equipment,2022Q4,0.12
"T1.5.2 기여도(%p, 연율)",Y033RY,Equipment,2023Q1,-0.01
"T1.5.2 기여도(%p, 연율)",Y033RY,Equipment,2023Q2,0.61
"T1.5.2 기여도(%p, 연율)",Y033RY,Equipment,2023Q3,-0.13
"T1.5.2 기여도(%p, 연율)",Y033RY,Equipment,2023Q4,0.17
"T1.5.2 기여도(%p, 연율)",Y033RY,Equipment,2024Q1,0.03
"T1.5.2 기여도(%p, 연율)",Y033RY,Equipment,2024Q2,0.44
"T1.5.2 기여도(%p, 연율)",Y033RY,Equipment,2024Q3,0.41
"T1.5.2 기여도(%p, 연율)",Y033RY,Equipment,2024Q4,-0.22
"T1.5.2 기여도(%p, 연율)",Y033RY,Equipment,2025Q1,1
"T1.5.2 기여도(%p, 연율)",Y033RY,Equipment,2025Q2,0.44
"T1.5.2 기여도(%p, 연율)",Y033RY,Equipment,2025Q3,0.28
"T1.5.2 기여도(%p, 연율)",Y033RY,Equipment,2025Q4,0.23
"T1.5.2 기여도(%p, 연율)",Y033RY,Equipment,2026Q1,0.81
"T1.5.2 기여도(%p, 연율)",Y033RY,Equipment,2026Q2,0.8
"T1.5.2 기여도(%p, 연율)",Y034RY,Information processing equipment,2015Q1,0.08
"T1.5.2 기여도(%p, 연율)",Y034RY,Information processing equipment,2015Q2,0.16
"T1.5.2 기여도(%p, 연율)",Y034RY,Information processing equipment,2015Q3,0.23
"T1.5.2 기여도(%p, 연율)",Y034RY,Information processing equipment,2015Q4,0.11
"T1.5.2 기여도(%p, 연율)",Y034RY,Information processing equipment,2016Q1,0.08
"T1.5.2 기여도(%p, 연율)",Y034RY,Information processing equipment,2016Q2,0.03
"T1.5.2 기여도(%p, 연율)",Y034RY,Information processing equipment,2016Q3,0.13
"T1.5.2 기여도(%p, 연율)",Y034RY,Information processing equipment,2016Q4,0.15
"T1.5.2 기여도(%p, 연율)",Y034RY,Information processing equipment,2017Q1,0.11
"T1.5.2 기여도(%p, 연율)",Y034RY,Information processing equipment,2017Q2,0.3
"T1.5.2 기여도(%p, 연율)",Y034RY,Information processing equipment,2017Q3,0.09
"T1.5.2 기여도(%p, 연율)",Y034RY,Information processing equipment,2017Q4,0.27
"T1.5.2 기여도(%p, 연율)",Y034RY,Information processing equipment,2018Q1,0.23
"T1.5.2 기여도(%p, 연율)",Y034RY,Information processing equipment,2018Q2,0.03
"T1.5.2 기여도(%p, 연율)",Y034RY,Information processing equipment,2018Q3,0.1
"T1.5.2 기여도(%p, 연율)",Y034RY,Information processing equipment,2018Q4,0
"T1.5.2 기여도(%p, 연율)",Y034RY,Information processing equipment,2019Q1,0.13
"T1.5.2 기여도(%p, 연율)",Y034RY,Information processing equipment,2019Q2,0.15
"T1.5.2 기여도(%p, 연율)",Y034RY,Information processing equipment,2019Q3,-0.11
"T1.5.2 기여도(%p, 연율)",Y034RY,Information processing equipment,2019Q4,-0.08
"T1.5.2 기여도(%p, 연율)",Y034RY,Information processing equipment,2020Q1,-0.31
"T1.5.2 기여도(%p, 연율)",Y034RY,Information processing equipment,2020Q2,0.22
"T1.5.2 기여도(%p, 연율)",Y034RY,Information processing equipment,2020Q3,0.56
"T1.5.2 기여도(%p, 연율)",Y034RY,Information processing equipment,2020Q4,0.2
"T1.5.2 기여도(%p, 연율)",Y034RY,Information processing equipment,2021Q1,0.19
"T1.5.2 기여도(%p, 연율)",Y034RY,Information processing equipment,2021Q2,0.09
"T1.5.2 기여도(%p, 연율)",Y034RY,Information processing equipment,2021Q3,-0.07
"T1.5.2 기여도(%p, 연율)",Y034RY,Information processing equipment,2021Q4,0.42
"T1.5.2 기여도(%p, 연율)",Y034RY,Information processing equipment,2022Q1,0.25
"T1.5.2 기여도(%p, 연율)",Y034RY,Information processing equipment,2022Q2,-0.05
"T1.5.2 기여도(%p, 연율)",Y034RY,Information processing equipment,2022Q3,0.06
"T1.5.2 기여도(%p, 연율)",Y034RY,Information processing equipment,2022Q4,-0.26
"T1.5.2 기여도(%p, 연율)",Y034RY,Information processing equipment,2023Q1,-0.07
"T1.5.2 기여도(%p, 연율)",Y034RY,Information processing equipment,2023Q2,-0.08
"T1.5.2 기여도(%p, 연율)",Y034RY,Information processing equipment,2023Q3,-0.03
"T1.5.2 기여도(%p, 연율)",Y034RY,Information processing equipment,2023Q4,0.21
"T1.5.2 기여도(%p, 연율)",Y034RY,Information processing equipment,2024Q1,-0.01
"T1.5.2 기여도(%p, 연율)",Y034RY,Information processing equipment,2024Q2,0.18
"T1.5.2 기여도(%p, 연율)",Y034RY,Information processing equipment,2024Q3,0.24
"T1.5.2 기여도(%p, 연율)",Y034RY,Information processing equipment,2024Q4,0.01
"T1.5.2 기여도(%p, 연율)",Y034RY,Information processing equipment,2025Q1,0.89
"T1.5.2 기여도(%p, 연율)",Y034RY,Information processing equipment,2025Q2,0.22
"T1.5.2 기여도(%p, 연율)",Y034RY,Information processing equipment,2025Q3,0.17
"T1.5.2 기여도(%p, 연율)",Y034RY,Information processing equipment,2025Q4,0.66
"T1.5.2 기여도(%p, 연율)",Y034RY,Information processing equipment,2026Q1,0.77
"T1.5.2 기여도(%p, 연율)",Y034RY,Information processing equipment,2026Q2,0.19
"T1.5.2 기여도(%p, 연율)",Y001RY,Intellectual property products,2015Q1,-0.1
"T1.5.2 기여도(%p, 연율)",Y001RY,Intellectual property products,2015Q2,0.09
"T1.5.2 기여도(%p, 연율)",Y001RY,Intellectual property products,2015Q3,0.27
"T1.5.2 기여도(%p, 연율)",Y001RY,Intellectual property products,2015Q4,0.46
"T1.5.2 기여도(%p, 연율)",Y001RY,Intellectual property products,2016Q1,0.53
"T1.5.2 기여도(%p, 연율)",Y001RY,Intellectual property products,2016Q2,0.44
"T1.5.2 기여도(%p, 연율)",Y001RY,Intellectual property products,2016Q3,0.36
"T1.5.2 기여도(%p, 연율)",Y001RY,Intellectual property products,2016Q4,0.2
"T1.5.2 기여도(%p, 연율)",Y001RY,Intellectual property products,2017Q1,0.4
"T1.5.2 기여도(%p, 연율)",Y001RY,Intellectual property products,2017Q2,0.13
"T1.5.2 기여도(%p, 연율)",Y001RY,Intellectual property products,2017Q3,0.4
"T1.5.2 기여도(%p, 연율)",Y001RY,Intellectual property products,2017Q4,0.37
"T1.5.2 기여도(%p, 연율)",Y001RY,Intellectual property products,2018Q1,0.4
"T1.5.2 기여도(%p, 연율)",Y001RY,Intellectual property products,2018Q2,0.54
"T1.5.2 기여도(%p, 연율)",Y001RY,Intellectual property products,2018Q3,0.33
"T1.5.2 기여도(%p, 연율)",Y001RY,Intellectual property products,2018Q4,0.54
"T1.5.2 기여도(%p, 연율)",Y001RY,Intellectual property products,2019Q1,0.2
"T1.5.2 기여도(%p, 연율)",Y001RY,Intellectual property products,2019Q2,0.42
"T1.5.2 기여도(%p, 연율)",Y001RY,Intellectual property products,2019Q3,0.39
"T1.5.2 기여도(%p, 연율)",Y001RY,Intellectual property products,2019Q4,0.49
"T1.5.2 기여도(%p, 연율)",Y001RY,Intellectual property products,2020Q1,0.32
"T1.5.2 기여도(%p, 연율)",Y001RY,Intellectual property products,2020Q2,-0.51
"T1.5.2 기여도(%p, 연율)",Y001RY,Intellectual property products,2020Q3,0.43
"T1.5.2 기여도(%p, 연율)",Y001RY,Intellectual property products,2020Q4,0.53
"T1.5.2 기여도(%p, 연율)",Y001RY,Intellectual property products,2021Q1,0.75
"T1.5.2 기여도(%p, 연율)",Y001RY,Intellectual property products,2021Q2,0.67
"T1.5.2 기여도(%p, 연율)",Y001RY,Intellectual property products,2021Q3,0.51
"T1.5.2 기여도(%p, 연율)",Y001RY,Intellectual property products,2021Q4,0.66
"T1.5.2 기여도(%p, 연율)",Y001RY,Intellectual property products,2022Q1,0.69
"T1.5.2 기여도(%p, 연율)",Y001RY,Intellectual property products,2022Q2,0.63
"T1.5.2 기여도(%p, 연율)",Y001RY,Intellectual property products,2022Q3,0.37
"T1.5.2 기여도(%p, 연율)",Y001RY,Intellectual property products,2022Q4,0.49
"T1.5.2 기여도(%p, 연율)",Y001RY,Intellectual property products,2023Q1,0.3
"T1.5.2 기여도(%p, 연율)",Y001RY,Intellectual property products,2023Q2,0.25
"T1.5.2 기여도(%p, 연율)",Y001RY,Intellectual property products,2023Q3,0.16
"T1.5.2 기여도(%p, 연율)",Y001RY,Intellectual property products,2023Q4,0.23
"T1.5.2 기여도(%p, 연율)",Y001RY,Intellectual property products,2024Q1,0.35
"T1.5.2 기여도(%p, 연율)",Y001RY,Intellectual property products,2024Q2,0.04
"T1.5.2 기여도(%p, 연율)",Y001RY,Intellectual property products,2024Q3,0.14
"T1.5.2 기여도(%p, 연율)",Y001RY,Intellectual property products,2024Q4,-0.03
"T1.5.2 기여도(%p, 연율)",Y001RY,Intellectual property products,2025Q1,0.34
"T1.5.2 기여도(%p, 연율)",Y001RY,Intellectual property products,2025Q2,0.78
"T1.5.2 기여도(%p, 연율)",Y001RY,Intellectual property products,2025Q3,0.31
"T1.5.2 기여도(%p, 연율)",Y001RY,Intellectual property products,2025Q4,0.29
"T1.5.2 기여도(%p, 연율)",Y001RY,Intellectual property products,2026Q1,0.74
"T1.5.2 기여도(%p, 연율)",Y001RY,Intellectual property products,2026Q2,0.48
"T1.5.2 기여도(%p, 연율)",B985RY,Software\4\,2015Q1,0.09
"T1.5.2 기여도(%p, 연율)",B985RY,Software\4\,2015Q2,0.09
"T1.5.2 기여도(%p, 연율)",B985RY,Software\4\,2015Q3,0.08
"T1.5.2 기여도(%p, 연율)",B985RY,Software\4\,2015Q4,0.2
"T1.5.2 기여도(%p, 연율)",B985RY,Software\4\,2016Q1,0.26
"T1.5.2 기여도(%p, 연율)",B985RY,Software\4\,2016Q2,0.2
"T1.5.2 기여도(%p, 연율)",B985RY,Software\4\,2016Q3,0.23
"T1.5.2 기여도(%p, 연율)",B985RY,Software\4\,2016Q4,0.21
"T1.5.2 기여도(%p, 연율)",B985RY,Software\4\,2017Q1,0.23
"T1.5.2 기여도(%p, 연율)",B985RY,Software\4\,2017Q2,0.21
"T1.5.2 기여도(%p, 연율)",B985RY,Software\4\,2017Q3,0.27
"T1.5.2 기여도(%p, 연율)",B985RY,Software\4\,2017Q4,0.24
"T1.5.2 기여도(%p, 연율)",B985RY,Software\4\,2018Q1,0.26
"T1.5.2 기여도(%p, 연율)",B985RY,Software\4\,2018Q2,0.27
"T1.5.2 기여도(%p, 연율)",B985RY,Software\4\,2018Q3,0.23
"T1.5.2 기여도(%p, 연율)",B985RY,Software\4\,2018Q4,0.21
"T1.5.2 기여도(%p, 연율)",B985RY,Software\4\,2019Q1,-0.03
"T1.5.2 기여도(%p, 연율)",B985RY,Software\4\,2019Q2,0.16
"T1.5.2 기여도(%p, 연율)",B985RY,Software\4\,2019Q3,0.19
"T1.5.2 기여도(%p, 연율)",B985RY,Software\4\,2019Q4,0.31
"T1.5.2 기여도(%p, 연율)",B985RY,Software\4\,2020Q1,0.27
"T1.5.2 기여도(%p, 연율)",B985RY,Software\4\,2020Q2,-0.03
"T1.5.2 기여도(%p, 연율)",B985RY,Software\4\,2020Q3,0.17
"T1.5.2 기여도(%p, 연율)",B985RY,Software\4\,2020Q4,0.36
"T1.5.2 기여도(%p, 연율)",B985RY,Software\4\,2021Q1,0.5
"T1.5.2 기여도(%p, 연율)",B985RY,Software\4\,2021Q2,0.32
"T1.5.2 기여도(%p, 연율)",B985RY,Software\4\,2021Q3,0.23
"T1.5.2 기여도(%p, 연율)",B985RY,Software\4\,2021Q4,0.28
"T1.5.2 기여도(%p, 연율)",B985RY,Software\4\,2022Q1,0.46
"T1.5.2 기여도(%p, 연율)",B985RY,Software\4\,2022Q2,0.31
"T1.5.2 기여도(%p, 연율)",B985RY,Software\4\,2022Q3,0.2
"T1.5.2 기여도(%p, 연율)",B985RY,Software\4\,2022Q4,0.3
"T1.5.2 기여도(%p, 연율)",B985RY,Software\4\,2023Q1,0.05
"T1.5.2 기여도(%p, 연율)",B985RY,Software\4\,2023Q2,0.09
"T1.5.2 기여도(%p, 연율)",B985RY,Software\4\,2023Q3,0.14
"T1.5.2 기여도(%p, 연율)",B985RY,Software\4\,2023Q4,0.22
"T1.5.2 기여도(%p, 연율)",B985RY,Software\4\,2024Q1,0.24
"T1.5.2 기여도(%p, 연율)",B985RY,Software\4\,2024Q2,0.08
"T1.5.2 기여도(%p, 연율)",B985RY,Software\4\,2024Q3,0.06
"T1.5.2 기여도(%p, 연율)",B985RY,Software\4\,2024Q4,0.07
"T1.5.2 기여도(%p, 연율)",B985RY,Software\4\,2025Q1,0.41
"T1.5.2 기여도(%p, 연율)",B985RY,Software\4\,2025Q2,0.58
"T1.5.2 기여도(%p, 연율)",B985RY,Software\4\,2025Q3,0.09
"T1.5.2 기여도(%p, 연율)",B985RY,Software\4\,2025Q4,0.12
"T1.5.2 기여도(%p, 연율)",B985RY,Software\4\,2026Q1,0.52
"T1.5.2 기여도(%p, 연율)",B985RY,Software\4\,2026Q2,0.27
"T1.5.2 기여도(%p, 연율)",Y006RY,Research and development\5\,2015Q1,-0.2
"T1.5.2 기여도(%p, 연율)",Y006RY,Research and development\5\,2015Q2,-0.01
"T1.5.2 기여도(%p, 연율)",Y006RY,Research and development\5\,2015Q3,0.17
"T1.5.2 기여도(%p, 연율)",Y006RY,Research and development\5\,2015Q4,0.24
"T1.5.2 기여도(%p, 연율)",Y006RY,Research and development\5\,2016Q1,0.25
"T1.5.2 기여도(%p, 연율)",Y006RY,Research and development\5\,2016Q2,0.23
"T1.5.2 기여도(%p, 연율)",Y006RY,Research and development\5\,2016Q3,0.09
"T1.5.2 기여도(%p, 연율)",Y006RY,Research and development\5\,2016Q4,-0.03
"T1.5.2 기여도(%p, 연율)",Y006RY,Research and development\5\,2017Q1,0.16
"T1.5.2 기여도(%p, 연율)",Y006RY,Research and development\5\,2017Q2,-0.08
"T1.5.2 기여도(%p, 연율)",Y006RY,Research and development\5\,2017Q3,0.12
"T1.5.2 기여도(%p, 연율)",Y006RY,Research and development\5\,2017Q4,0.1
"T1.5.2 기여도(%p, 연율)",Y006RY,Research and development\5\,2018Q1,0.12
"T1.5.2 기여도(%p, 연율)",Y006RY,Research and development\5\,2018Q2,0.25
"T1.5.2 기여도(%p, 연율)",Y006RY,Research and development\5\,2018Q3,0.09
"T1.5.2 기여도(%p, 연율)",Y006RY,Research and development\5\,2018Q4,0.32
"T1.5.2 기여도(%p, 연율)",Y006RY,Research and development\5\,2019Q1,0.25
"T1.5.2 기여도(%p, 연율)",Y006RY,Research and development\5\,2019Q2,0.27
"T1.5.2 기여도(%p, 연율)",Y006RY,Research and development\5\,2019Q3,0.18
"T1.5.2 기여도(%p, 연율)",Y006RY,Research and development\5\,2019Q4,0.15
"T1.5.2 기여도(%p, 연율)",Y006RY,Research and development\5\,2020Q1,0.06
"T1.5.2 기여도(%p, 연율)",Y006RY,Research and development\5\,2020Q2,-0.4
"T1.5.2 기여도(%p, 연율)",Y006RY,Research and development\5\,2020Q3,0.31
"T1.5.2 기여도(%p, 연율)",Y006RY,Research and development\5\,2020Q4,0.17
"T1.5.2 기여도(%p, 연율)",Y006RY,Research and development\5\,2021Q1,0.28
"T1.5.2 기여도(%p, 연율)",Y006RY,Research and development\5\,2021Q2,0.33
"T1.5.2 기여도(%p, 연율)",Y006RY,Research and development\5\,2021Q3,0.24
"T1.5.2 기여도(%p, 연율)",Y006RY,Research and development\5\,2021Q4,0.33
"T1.5.2 기여도(%p, 연율)",Y006RY,Research and development\5\,2022Q1,0.25
"T1.5.2 기여도(%p, 연율)",Y006RY,Research and development\5\,2022Q2,0.27
"T1.5.2 기여도(%p, 연율)",Y006RY,Research and development\5\,2022Q3,0.12
"T1.5.2 기여도(%p, 연율)",Y006RY,Research and development\5\,2022Q4,0.2
"T1.5.2 기여도(%p, 연율)",Y006RY,Research and development\5\,2023Q1,0.24
"T1.5.2 기여도(%p, 연율)",Y006RY,Research and development\5\,2023Q2,0.15
"T1.5.2 기여도(%p, 연율)",Y006RY,Research and development\5\,2023Q3,0.01
"T1.5.2 기여도(%p, 연율)",Y006RY,Research and development\5\,2023Q4,0.02
"T1.5.2 기여도(%p, 연율)",Y006RY,Research and development\5\,2024Q1,0.11
"T1.5.2 기여도(%p, 연율)",Y006RY,Research and development\5\,2024Q2,-0.04
"T1.5.2 기여도(%p, 연율)",Y006RY,Research and development\5\,2024Q3,0.08
"T1.5.2 기여도(%p, 연율)",Y006RY,Research and development\5\,2024Q4,-0.1
"T1.5.2 기여도(%p, 연율)",Y006RY,Research and development\5\,2025Q1,-0.05
"T1.5.2 기여도(%p, 연율)",Y006RY,Research and development\5\,2025Q2,0.22
"T1.5.2 기여도(%p, 연율)",Y006RY,Research and development\5\,2025Q3,0.22
"T1.5.2 기여도(%p, 연율)",Y006RY,Research and development\5\,2025Q4,0.19
"T1.5.2 기여도(%p, 연율)",Y006RY,Research and development\5\,2026Q1,0.21
"T1.5.2 기여도(%p, 연율)",Y006RY,Research and development\5\,2026Q2,0.21
"T1.5.2 기여도(%p, 연율)",Y020RY,"Entertainment, literary, and artistic originals",2015Q1,0.01
"T1.5.2 기여도(%p, 연율)",Y020RY,"Entertainment, literary, and artistic originals",2015Q2,0.01
"T1.5.2 기여도(%p, 연율)",Y020RY,"Entertainment, literary, and artistic originals",2015Q3,0.02
"T1.5.2 기여도(%p, 연율)",Y020RY,"Entertainment, literary, and artistic originals",2015Q4,0.01
"T1.5.2 기여도(%p, 연율)",Y020RY,"Entertainment, literary, and artistic originals",2016Q1,0.02
"T1.5.2 기여도(%p, 연율)",Y020RY,"Entertainment, literary, and artistic originals",2016Q2,0.01
"T1.5.2 기여도(%p, 연율)",Y020RY,"Entertainment, literary, and artistic originals",2016Q3,0.04
"T1.5.2 기여도(%p, 연율)",Y020RY,"Entertainment, literary, and artistic originals",2016Q4,0.02
"T1.5.2 기여도(%p, 연율)",Y020RY,"Entertainment, literary, and artistic originals",2017Q1,0.01
"T1.5.2 기여도(%p, 연율)",Y020RY,"Entertainment, literary, and artistic originals",2017Q2,0
"T1.5.2 기여도(%p, 연율)",Y020RY,"Entertainment, literary, and artistic originals",2017Q3,0.01
"T1.5.2 기여도(%p, 연율)",Y020RY,"Entertainment, literary, and artistic originals",2017Q4,0.02
"T1.5.2 기여도(%p, 연율)",Y020RY,"Entertainment, literary, and artistic originals",2018Q1,0.02
"T1.5.2 기여도(%p, 연율)",Y020RY,"Entertainment, literary, and artistic originals",2018Q2,0.02
"T1.5.2 기여도(%p, 연율)",Y020RY,"Entertainment, literary, and artistic originals",2018Q3,0.01
"T1.5.2 기여도(%p, 연율)",Y020RY,"Entertainment, literary, and artistic originals",2018Q4,0.02
"T1.5.2 기여도(%p, 연율)",Y020RY,"Entertainment, literary, and artistic originals",2019Q1,-0.01
"T1.5.2 기여도(%p, 연율)",Y020RY,"Entertainment, literary, and artistic originals",2019Q2,0
"T1.5.2 기여도(%p, 연율)",Y020RY,"Entertainment, literary, and artistic originals",2019Q3,0.02
"T1.5.2 기여도(%p, 연율)",Y020RY,"Entertainment, literary, and artistic originals",2019Q4,0.02
"T1.5.2 기여도(%p, 연율)",Y020RY,"Entertainment, literary, and artistic originals",2020Q1,-0.01
"T1.5.2 기여도(%p, 연율)",Y020RY,"Entertainment, literary, and artistic originals",2020Q2,-0.09
"T1.5.2 기여도(%p, 연율)",Y020RY,"Entertainment, literary, and artistic originals",2020Q3,-0.05
"T1.5.2 기여도(%p, 연율)",Y020RY,"Entertainment, literary, and artistic originals",2020Q4,0.01
"T1.5.2 기여도(%p, 연율)",Y020RY,"Entertainment, literary, and artistic originals",2021Q1,-0.03
"T1.5.2 기여도(%p, 연율)",Y020RY,"Entertainment, literary, and artistic originals",2021Q2,0.02
"T1.5.2 기여도(%p, 연율)",Y020RY,"Entertainment, literary, and artistic originals",2021Q3,0.04
"T1.5.2 기여도(%p, 연율)",Y020RY,"Entertainment, literary, and artistic originals",2021Q4,0.05
"T1.5.2 기여도(%p, 연율)",Y020RY,"Entertainment, literary, and artistic originals",2022Q1,-0.02
"T1.5.2 기여도(%p, 연율)",Y020RY,"Entertainment, literary, and artistic originals",2022Q2,0.06
"T1.5.2 기여도(%p, 연율)",Y020RY,"Entertainment, literary, and artistic originals",2022Q3,0.05
"T1.5.2 기여도(%p, 연율)",Y020RY,"Entertainment, literary, and artistic originals",2022Q4,-0.01
"T1.5.2 기여도(%p, 연율)",Y020RY,"Entertainment, literary, and artistic originals",2023Q1,0
"T1.5.2 기여도(%p, 연율)",Y020RY,"Entertainment, literary, and artistic originals",2023Q2,0.01
"T1.5.2 기여도(%p, 연율)",Y020RY,"Entertainment, literary, and artistic originals",2023Q3,0.01
"T1.5.2 기여도(%p, 연율)",Y020RY,"Entertainment, literary, and artistic originals",2023Q4,-0.02
"T1.5.2 기여도(%p, 연율)",Y020RY,"Entertainment, literary, and artistic originals",2024Q1,0.01
"T1.5.2 기여도(%p, 연율)",Y020RY,"Entertainment, literary, and artistic originals",2024Q2,-0.01
"T1.5.2 기여도(%p, 연율)",Y020RY,"Entertainment, literary, and artistic originals",2024Q3,0
"T1.5.2 기여도(%p, 연율)",Y020RY,"Entertainment, literary, and artistic originals",2024Q4,0
"T1.5.2 기여도(%p, 연율)",Y020RY,"Entertainment, literary, and artistic originals",2025Q1,-0.02
"T1.5.2 기여도(%p, 연율)",Y020RY,"Entertainment, literary, and artistic originals",2025Q2,-0.02
"T1.5.2 기여도(%p, 연율)",Y020RY,"Entertainment, literary, and artistic originals",2025Q3,-0.01
"T1.5.2 기여도(%p, 연율)",Y020RY,"Entertainment, literary, and artistic originals",2025Q4,-0.01
"T1.5.2 기여도(%p, 연율)",Y020RY,"Entertainment, literary, and artistic originals",2026Q1,0.01
"T1.5.2 기여도(%p, 연율)",Y020RY,"Entertainment, literary, and artistic originals",2026Q2,0
"T1.5.2 기여도(%p, 연율)",A014RY,Change in private inventories,2015Q1,2.19
"T1.5.2 기여도(%p, 연율)",A014RY,Change in private inventories,2015Q2,-0.45
"T1.5.2 기여도(%p, 연율)",A014RY,Change in private inventories,2015Q3,-0.61
"T1.5.2 기여도(%p, 연율)",A014RY,Change in private inventories,2015Q4,-0.41
"T1.5.2 기여도(%p, 연율)",A014RY,Change in private inventories,2016Q1,-0.8
"T1.5.2 기여도(%p, 연율)",A014RY,Change in private inventories,2016Q2,-0.8
"T1.5.2 기여도(%p, 연율)",A014RY,Change in private inventories,2016Q3,-0.47
"T1.5.2 기여도(%p, 연율)",A014RY,Change in private inventories,2016Q4,1.25
"T1.5.2 기여도(%p, 연율)",A014RY,Change in private inventories,2017Q1,-1.1
"T1.5.2 기여도(%p, 연율)",A014RY,Change in private inventories,2017Q2,0.39
"T1.5.2 기여도(%p, 연율)",A014RY,Change in private inventories,2017Q3,0.63
"T1.5.2 기여도(%p, 연율)",A014RY,Change in private inventories,2017Q4,-0.28
"T1.5.2 기여도(%p, 연율)",A014RY,Change in private inventories,2018Q1,-0.14
"T1.5.2 기여도(%p, 연율)",A014RY,Change in private inventories,2018Q2,-0.74
"T1.5.2 기여도(%p, 연율)",A014RY,Change in private inventories,2018Q3,1.99
"T1.5.2 기여도(%p, 연율)",A014RY,Change in private inventories,2018Q4,-0.11
"T1.5.2 기여도(%p, 연율)",A014RY,Change in private inventories,2019Q1,0.46
"T1.5.2 기여도(%p, 연율)",A014RY,Change in private inventories,2019Q2,-0.62
"T1.5.2 기여도(%p, 연율)",A014RY,Change in private inventories,2019Q3,-0.18
"T1.5.2 기여도(%p, 연율)",A014RY,Change in private inventories,2019Q4,-0.78
"T1.5.2 기여도(%p, 연율)",A014RY,Change in private inventories,2020Q1,-1.28
"T1.5.2 기여도(%p, 연율)",A014RY,Change in private inventories,2020Q2,-3.69
"T1.5.2 기여도(%p, 연율)",A014RY,Change in private inventories,2020Q3,8.46
"T1.5.2 기여도(%p, 연율)",A014RY,Change in private inventories,2020Q4,-0.29
"T1.5.2 기여도(%p, 연율)",A014RY,Change in private inventories,2021Q1,-1.88
"T1.5.2 기여도(%p, 연율)",A014RY,Change in private inventories,2021Q2,-1.87
"T1.5.2 기여도(%p, 연율)",A014RY,Change in private inventories,2021Q3,2.82
"T1.5.2 기여도(%p, 연율)",A014RY,Change in private inventories,2021Q4,4.15
"T1.5.2 기여도(%p, 연율)",A014RY,Change in private inventories,2022Q1,0.3
"T1.5.2 기여도(%p, 연율)",A014RY,Change in private inventories,2022Q2,-2.03
"T1.5.2 기여도(%p, 연율)",A014RY,Change in private inventories,2022Q3,-0.86
"T1.5.2 기여도(%p, 연율)",A014RY,Change in private inventories,2022Q4,1.52
"T1.5.2 기여도(%p, 연율)",A014RY,Change in private inventories,2023Q1,-2.18
"T1.5.2 기여도(%p, 연율)",A014RY,Change in private inventories,2023Q2,-0.36
"T1.5.2 기여도(%p, 연율)",A014RY,Change in private inventories,2023Q3,0.97
"T1.5.2 기여도(%p, 연율)",A014RY,Change in private inventories,2023Q4,-0.17
"T1.5.2 기여도(%p, 연율)",A014RY,Change in private inventories,2024Q1,-0.83
"T1.5.2 기여도(%p, 연율)",A014RY,Change in private inventories,2024Q2,1.17
"T1.5.2 기여도(%p, 연율)",A014RY,Change in private inventories,2024Q3,-0.11
"T1.5.2 기여도(%p, 연율)",A014RY,Change in private inventories,2024Q4,-0.91
"T1.5.2 기여도(%p, 연율)",A014RY,Change in private inventories,2025Q1,2.58
"T1.5.2 기여도(%p, 연율)",A014RY,Change in private inventories,2025Q2,-3.44
"T1.5.2 기여도(%p, 연율)",A014RY,Change in private inventories,2025Q3,-0.12
"T1.5.2 기여도(%p, 연율)",A014RY,Change in private inventories,2025Q4,0.14
"T1.5.2 기여도(%p, 연율)",A014RY,Change in private inventories,2026Q1,0.23
"T1.5.2 기여도(%p, 연율)",A014RY,Change in private inventories,2026Q2,-0.67
"T1.5.2 기여도(%p, 연율)",A020RY,Exports,2015Q1,-0.4
"T1.5.2 기여도(%p, 연율)",A020RY,Exports,2015Q2,0.14
"T1.5.2 기여도(%p, 연율)",A020RY,Exports,2015Q3,-0.41
"T1.5.2 기여도(%p, 연율)",A020RY,Exports,2015Q4,-0.07
"T1.5.2 기여도(%p, 연율)",A020RY,Exports,2016Q1,-0.15
"T1.5.2 기여도(%p, 연율)",A020RY,Exports,2016Q2,0.36
"T1.5.2 기여도(%p, 연율)",A020RY,Exports,2016Q3,0.78
"T1.5.2 기여도(%p, 연율)",A020RY,Exports,2016Q4,-0.35
"T1.5.2 기여도(%p, 연율)",A020RY,Exports,2017Q1,1.17
"T1.5.2 기여도(%p, 연율)",A020RY,Exports,2017Q2,0.18
"T1.5.2 기여도(%p, 연율)",A020RY,Exports,2017Q3,0.3
"T1.5.2 기여도(%p, 연율)",A020RY,Exports,2017Q4,1.28
"T1.5.2 기여도(%p, 연율)",A020RY,Exports,2018Q1,0.33
"T1.5.2 기여도(%p, 연율)",A020RY,Exports,2018Q2,0.27
"T1.5.2 기여도(%p, 연율)",A020RY,Exports,2018Q3,-0.62
"T1.5.2 기여도(%p, 연율)",A020RY,Exports,2018Q4,0.19
"T1.5.2 기여도(%p, 연율)",A020RY,Exports,2019Q1,0.44
"T1.5.2 기여도(%p, 연율)",A020RY,Exports,2019Q2,-0.24
"T1.5.2 기여도(%p, 연율)",A020RY,Exports,2019Q3,0.05
"T1.5.2 기여도(%p, 연율)",A020RY,Exports,2019Q4,0.34
"T1.5.2 기여도(%p, 연율)",A020RY,Exports,2020Q1,-1.62
"T1.5.2 기여도(%p, 연율)",A020RY,Exports,2020Q2,-8.71
"T1.5.2 기여도(%p, 연율)",A020RY,Exports,2020Q3,4.86
"T1.5.2 기여도(%p, 연율)",A020RY,Exports,2020Q4,2.34
"T1.5.2 기여도(%p, 연율)",A020RY,Exports,2021Q1,0.07
"T1.5.2 기여도(%p, 연율)",A020RY,Exports,2021Q2,0.43
"T1.5.2 기여도(%p, 연율)",A020RY,Exports,2021Q3,-0.03
"T1.5.2 기여도(%p, 연율)",A020RY,Exports,2021Q4,2.57
"T1.5.2 기여도(%p, 연율)",A020RY,Exports,2022Q1,-0.44
"T1.5.2 기여도(%p, 연율)",A020RY,Exports,2022Q2,1.45
"T1.5.2 기여도(%p, 연율)",A020RY,Exports,2022Q3,1.7
"T1.5.2 기여도(%p, 연율)",A020RY,Exports,2022Q4,-0.33
"T1.5.2 기여도(%p, 연율)",A020RY,Exports,2023Q1,0.43
"T1.5.2 기여도(%p, 연율)",A020RY,Exports,2023Q2,-0.6
"T1.5.2 기여도(%p, 연율)",A020RY,Exports,2023Q3,0.49
"T1.5.2 기여도(%p, 연율)",A020RY,Exports,2023Q4,0.66
"T1.5.2 기여도(%p, 연율)",A020RY,Exports,2024Q1,0.49
"T1.5.2 기여도(%p, 연율)",A020RY,Exports,2024Q2,0.08
"T1.5.2 기여도(%p, 연율)",A020RY,Exports,2024Q3,0.95
"T1.5.2 기여도(%p, 연율)",A020RY,Exports,2024Q4,-0.1
"T1.5.2 기여도(%p, 연율)",A020RY,Exports,2025Q1,0.02
"T1.5.2 기여도(%p, 연율)",A020RY,Exports,2025Q2,-0.2
"T1.5.2 기여도(%p, 연율)",A020RY,Exports,2025Q3,1
"T1.5.2 기여도(%p, 연율)",A020RY,Exports,2025Q4,-0.35
"T1.5.2 기여도(%p, 연율)",A020RY,Exports,2026Q1,1.12
"T1.5.2 기여도(%p, 연율)",A020RY,Exports,2026Q2,0.5
"T1.5.2 기여도(%p, 연율)",A021RY,Imports,2015Q1,-0.94
"T1.5.2 기여도(%p, 연율)",A021RY,Imports,2015Q2,-0.48
"T1.5.2 기여도(%p, 연율)",A021RY,Imports,2015Q3,-0.41
"T1.5.2 기여도(%p, 연율)",A021RY,Imports,2015Q4,-0.16
"T1.5.2 기여도(%p, 연율)",A021RY,Imports,2016Q1,0.09
"T1.5.2 기여도(%p, 연율)",A021RY,Imports,2016Q2,-0.06
"T1.5.2 기여도(%p, 연율)",A021RY,Imports,2016Q3,-0.41
"T1.5.2 기여도(%p, 연율)",A021RY,Imports,2016Q4,-0.82
"T1.5.2 기여도(%p, 연율)",A021RY,Imports,2017Q1,-0.9
"T1.5.2 기여도(%p, 연율)",A021RY,Imports,2017Q2,-0.56
"T1.5.2 기여도(%p, 연율)",A021RY,Imports,2017Q3,-0.22
"T1.5.2 기여도(%p, 연율)",A021RY,Imports,2017Q4,-1.66
"T1.5.2 기여도(%p, 연율)",A021RY,Imports,2018Q1,-0.26
"T1.5.2 기여도(%p, 연율)",A021RY,Imports,2018Q2,-0.08
"T1.5.2 기여도(%p, 연율)",A021RY,Imports,2018Q3,-0.85
"T1.5.2 기여도(%p, 연율)",A021RY,Imports,2018Q4,-0.63
"T1.5.2 기여도(%p, 연율)",A021RY,Imports,2019Q1,0.05
"T1.5.2 기여도(%p, 연율)",A021RY,Imports,2019Q2,-0.32
"T1.5.2 기여도(%p, 연율)",A021RY,Imports,2019Q3,0.26
"T1.5.2 기여도(%p, 연율)",A021RY,Imports,2019Q4,1.06
"T1.5.2 기여도(%p, 연율)",A021RY,Imports,2020Q1,1.96
"T1.5.2 기여도(%p, 연율)",A021RY,Imports,2020Q2,9.45
"T1.5.2 기여도(%p, 연율)",A021RY,Imports,2020Q3,-7.36
"T1.5.2 기여도(%p, 연율)",A021RY,Imports,2020Q4,-3.88
"T1.5.2 기여도(%p, 연율)",A021RY,Imports,2021Q1,-1.08
"T1.5.2 기여도(%p, 연율)",A021RY,Imports,2021Q2,-1.23
"T1.5.2 기여도(%p, 연율)",A021RY,Imports,2021Q3,-0.93
"T1.5.2 기여도(%p, 연율)",A021RY,Imports,2021Q4,-2.86
"T1.5.2 기여도(%p, 연율)",A021RY,Imports,2022Q1,-1.71
"T1.5.2 기여도(%p, 연율)",A021RY,Imports,2022Q2,-1.07
"T1.5.2 기여도(%p, 연율)",A021RY,Imports,2022Q3,0.94
"T1.5.2 기여도(%p, 연율)",A021RY,Imports,2022Q4,0.47
"T1.5.2 기여도(%p, 연율)",A021RY,Imports,2023Q1,0.14
"T1.5.2 기여도(%p, 연율)",A021RY,Imports,2023Q2,0.3
"T1.5.2 기여도(%p, 연율)",A021RY,Imports,2023Q3,-0.4
"T1.5.2 기여도(%p, 연율)",A021RY,Imports,2023Q4,-0.72
"T1.5.2 기여도(%p, 연율)",A021RY,Imports,2024Q1,-0.91
"T1.5.2 기여도(%p, 연율)",A021RY,Imports,2024Q2,-1.11
"T1.5.2 기여도(%p, 연율)",A021RY,Imports,2024Q3,-1.36
"T1.5.2 기여도(%p, 연율)",A021RY,Imports,2024Q4,0.03
"T1.5.2 기여도(%p, 연율)",A021RY,Imports,2025Q1,-4.7
"T1.5.2 기여도(%p, 연율)",A021RY,Imports,2025Q2,5.03
"T1.5.2 기여도(%p, 연율)",A021RY,Imports,2025Q3,0.62
"T1.5.2 기여도(%p, 연율)",A021RY,Imports,2025Q4,0.13
"T1.5.2 기여도(%p, 연율)",A021RY,Imports,2026Q1,-1.49
"T1.5.2 기여도(%p, 연율)",A021RY,Imports,2026Q2,-1.51
"T1.5.1 실질 증가율(%, 연율)",A191RL,Gross domestic product,2015Q1,3.6
"T1.5.1 실질 증가율(%, 연율)",A191RL,Gross domestic product,2015Q2,2.5
"T1.5.1 실질 증가율(%, 연율)",A191RL,Gross domestic product,2015Q3,1.6
"T1.5.1 실질 증가율(%, 연율)",A191RL,Gross domestic product,2015Q4,0.7
"T1.5.1 실질 증가율(%, 연율)",A191RL,Gross domestic product,2016Q1,2.3
"T1.5.1 실질 증가율(%, 연율)",A191RL,Gross domestic product,2016Q2,1.3
"T1.5.1 실질 증가율(%, 연율)",A191RL,Gross domestic product,2016Q3,2.9
"T1.5.1 실질 증가율(%, 연율)",A191RL,Gross domestic product,2016Q4,2.2
"T1.5.1 실질 증가율(%, 연율)",A191RL,Gross domestic product,2017Q1,2
"T1.5.1 실질 증가율(%, 연율)",A191RL,Gross domestic product,2017Q2,2.3
"T1.5.1 실질 증가율(%, 연율)",A191RL,Gross domestic product,2017Q3,3.2
"T1.5.1 실질 증가율(%, 연율)",A191RL,Gross domestic product,2017Q4,4.6
"T1.5.1 실질 증가율(%, 연율)",A191RL,Gross domestic product,2018Q1,3.3
"T1.5.1 실질 증가율(%, 연율)",A191RL,Gross domestic product,2018Q2,2.1
"T1.5.1 실질 증가율(%, 연율)",A191RL,Gross domestic product,2018Q3,2.5
"T1.5.1 실질 증가율(%, 연율)",A191RL,Gross domestic product,2018Q4,0.6
"T1.5.1 실질 증가율(%, 연율)",A191RL,Gross domestic product,2019Q1,2.5
"T1.5.1 실질 증가율(%, 연율)",A191RL,Gross domestic product,2019Q2,3.4
"T1.5.1 실질 증가율(%, 연율)",A191RL,Gross domestic product,2019Q3,4.8
"T1.5.1 실질 증가율(%, 연율)",A191RL,Gross domestic product,2019Q4,2.8
"T1.5.1 실질 증가율(%, 연율)",A191RL,Gross domestic product,2020Q1,-5.2
"T1.5.1 실질 증가율(%, 연율)",A191RL,Gross domestic product,2020Q2,-28
"T1.5.1 실질 증가율(%, 연율)",A191RL,Gross domestic product,2020Q3,34.9
"T1.5.1 실질 증가율(%, 연율)",A191RL,Gross domestic product,2020Q4,4.6
"T1.5.1 실질 증가율(%, 연율)",A191RL,Gross domestic product,2021Q1,5.7
"T1.5.1 실질 증가율(%, 연율)",A191RL,Gross domestic product,2021Q2,7
"T1.5.1 실질 증가율(%, 연율)",A191RL,Gross domestic product,2021Q3,3.3
"T1.5.1 실질 증가율(%, 연율)",A191RL,Gross domestic product,2021Q4,7
"T1.5.1 실질 증가율(%, 연율)",A191RL,Gross domestic product,2022Q1,-1
"T1.5.1 실질 증가율(%, 연율)",A191RL,Gross domestic product,2022Q2,0.6
"T1.5.1 실질 증가율(%, 연율)",A191RL,Gross domestic product,2022Q3,2.9
"T1.5.1 실질 증가율(%, 연율)",A191RL,Gross domestic product,2022Q4,2.8
"T1.5.1 실질 증가율(%, 연율)",A191RL,Gross domestic product,2023Q1,2.9
"T1.5.1 실질 증가율(%, 연율)",A191RL,Gross domestic product,2023Q2,2.5
"T1.5.1 실질 증가율(%, 연율)",A191RL,Gross domestic product,2023Q3,4.7
"T1.5.1 실질 증가율(%, 연율)",A191RL,Gross domestic product,2023Q4,3.4
"T1.5.1 실질 증가율(%, 연율)",A191RL,Gross domestic product,2024Q1,0.8
"T1.5.1 실질 증가율(%, 연율)",A191RL,Gross domestic product,2024Q2,3.6
"T1.5.1 실질 증가율(%, 연율)",A191RL,Gross domestic product,2024Q3,3.3
"T1.5.1 실질 증가율(%, 연율)",A191RL,Gross domestic product,2024Q4,1.9
"T1.5.1 실질 증가율(%, 연율)",A191RL,Gross domestic product,2025Q1,-0.6
"T1.5.1 실질 증가율(%, 연율)",A191RL,Gross domestic product,2025Q2,3.8
"T1.5.1 실질 증가율(%, 연율)",A191RL,Gross domestic product,2025Q3,4.4
"T1.5.1 실질 증가율(%, 연율)",A191RL,Gross domestic product,2025Q4,0.5
"T1.5.1 실질 증가율(%, 연율)",A191RL,Gross domestic product,2026Q1,2.1
"T1.5.1 실질 증가율(%, 연율)",A191RL,Gross domestic product,2026Q2,1.5
"T1.5.1 실질 증가율(%, 연율)",A008RL,Nonresidential,2015Q1,0.2
"T1.5.1 실질 증가율(%, 연율)",A008RL,Nonresidential,2015Q2,2.8
"T1.5.1 실질 증가율(%, 연율)",A008RL,Nonresidential,2015Q3,2.5
"T1.5.1 실질 증가율(%, 연율)",A008RL,Nonresidential,2015Q4,-1.8
"T1.5.1 실질 증가율(%, 연율)",A008RL,Nonresidential,2016Q1,0.3
"T1.5.1 실질 증가율(%, 연율)",A008RL,Nonresidential,2016Q2,3.5
"T1.5.1 실질 증가율(%, 연율)",A008RL,Nonresidential,2016Q3,6.2
"T1.5.1 실질 증가율(%, 연율)",A008RL,Nonresidential,2016Q4,3.3
"T1.5.1 실질 증가율(%, 연율)",A008RL,Nonresidential,2017Q1,4.1
"T1.5.1 실질 증가율(%, 연율)",A008RL,Nonresidential,2017Q2,4.6
"T1.5.1 실질 증가율(%, 연율)",A008RL,Nonresidential,2017Q3,3.9
"T1.5.1 실질 증가율(%, 연율)",A008RL,Nonresidential,2017Q4,9.9
"T1.5.1 실질 증가율(%, 연율)",A008RL,Nonresidential,2018Q1,11.7
"T1.5.1 실질 증가율(%, 연율)",A008RL,Nonresidential,2018Q2,4.6
"T1.5.1 실질 증가율(%, 연율)",A008RL,Nonresidential,2018Q3,2.5
"T1.5.1 실질 증가율(%, 연율)",A008RL,Nonresidential,2018Q4,3.7
"T1.5.1 실질 증가율(%, 연율)",A008RL,Nonresidential,2019Q1,2.7
"T1.5.1 실질 증가율(%, 연율)",A008RL,Nonresidential,2019Q2,7.8
"T1.5.1 실질 증가율(%, 연율)",A008RL,Nonresidential,2019Q3,3.9
"T1.5.1 실질 증가율(%, 연율)",A008RL,Nonresidential,2019Q4,-1.8
"T1.5.1 실질 증가율(%, 연율)",A008RL,Nonresidential,2020Q1,-6.9
"T1.5.1 실질 증가율(%, 연율)",A008RL,Nonresidential,2020Q2,-28.7
"T1.5.1 실질 증가율(%, 연율)",A008RL,Nonresidential,2020Q3,18.4
"T1.5.1 실질 증가율(%, 연율)",A008RL,Nonresidential,2020Q4,11.8
"T1.5.1 실질 증가율(%, 연율)",A008RL,Nonresidential,2021Q1,9.3
"T1.5.1 실질 증가율(%, 연율)",A008RL,Nonresidential,2021Q2,10
"T1.5.1 실질 증가율(%, 연율)",A008RL,Nonresidential,2021Q3,-1.5
"T1.5.1 실질 증가율(%, 연율)",A008RL,Nonresidential,2021Q4,3.1
"T1.5.1 실질 증가율(%, 연율)",A008RL,Nonresidential,2022Q1,12.2
"T1.5.1 실질 증가율(%, 연율)",A008RL,Nonresidential,2022Q2,7
"T1.5.1 실질 증가율(%, 연율)",A008RL,Nonresidential,2022Q3,6
"T1.5.1 실질 증가율(%, 연율)",A008RL,Nonresidential,2022Q4,7.1
"T1.5.1 실질 증가율(%, 연율)",A008RL,Nonresidential,2023Q1,8.5
"T1.5.1 실질 증가율(%, 연율)",A008RL,Nonresidential,2023Q2,11
"T1.5.1 실질 증가율(%, 연율)",A008RL,Nonresidential,2023Q3,1.7
"T1.5.1 실질 증가율(%, 연율)",A008RL,Nonresidential,2023Q4,5.5
"T1.5.1 실질 증가율(%, 연율)",A008RL,Nonresidential,2024Q1,1.5
"T1.5.1 실질 증가율(%, 연율)",A008RL,Nonresidential,2024Q2,2.5
"T1.5.1 실질 증가율(%, 연율)",A008RL,Nonresidential,2024Q3,3.5
"T1.5.1 실질 증가율(%, 연율)",A008RL,Nonresidential,2024Q4,-3.7
"T1.5.1 실질 증가율(%, 연율)",A008RL,Nonresidential,2025Q1,9.5
"T1.5.1 실질 증가율(%, 연율)",A008RL,Nonresidential,2025Q2,7.3
"T1.5.1 실질 증가율(%, 연율)",A008RL,Nonresidential,2025Q3,3.2
"T1.5.1 실질 증가율(%, 연율)",A008RL,Nonresidential,2025Q4,2.4
"T1.5.1 실질 증가율(%, 연율)",A008RL,Nonresidential,2026Q1,10.6
"T1.5.1 실질 증가율(%, 연율)",A008RL,Nonresidential,2026Q2,8.4
"T1.5.1 실질 증가율(%, 연율)",Y033RL,Equipment,2015Q1,4.3
"T1.5.1 실질 증가율(%, 연율)",Y033RL,Equipment,2015Q2,1.7
"T1.5.1 실질 증가율(%, 연율)",Y033RL,Equipment,2015Q3,6.8
"T1.5.1 실질 증가율(%, 연율)",Y033RL,Equipment,2015Q4,-4.3
"T1.5.1 실질 증가율(%, 연율)",Y033RL,Equipment,2016Q1,-1
"T1.5.1 실질 증가율(%, 연율)",Y033RL,Equipment,2016Q2,-4.1
"T1.5.1 실질 증가율(%, 연율)",Y033RL,Equipment,2016Q3,-0.4
"T1.5.1 실질 증가율(%, 연율)",Y033RL,Equipment,2016Q4,2
"T1.5.1 실질 증가율(%, 연율)",Y033RL,Equipment,2017Q1,2.6
"T1.5.1 실질 증가율(%, 연율)",Y033RL,Equipment,2017Q2,7.8
"T1.5.1 실질 증가율(%, 연율)",Y033RL,Equipment,2017Q3,6.8
"T1.5.1 실질 증가율(%, 연율)",Y033RL,Equipment,2017Q4,12.9
"T1.5.1 실질 증가율(%, 연율)",Y033RL,Equipment,2018Q1,7.3
"T1.5.1 실질 증가율(%, 연율)",Y033RL,Equipment,2018Q2,0.7
"T1.5.1 실질 증가율(%, 연율)",Y033RL,Equipment,2018Q3,0
"T1.5.1 실질 증가율(%, 연율)",Y033RL,Equipment,2018Q4,5.3
"T1.5.1 실질 증가율(%, 연율)",Y033RL,Equipment,2019Q1,2.2
"T1.5.1 실질 증가율(%, 연율)",Y033RL,Equipment,2019Q2,4.1
"T1.5.1 실질 증가율(%, 연율)",Y033RL,Equipment,2019Q3,-5.8
"T1.5.1 실질 증가율(%, 연율)",Y033RL,Equipment,2019Q4,-8.7
"T1.5.1 실질 증가율(%, 연율)",Y033RL,Equipment,2020Q1,-18.6
"T1.5.1 실질 증가율(%, 연율)",Y033RL,Equipment,2020Q2,-38.8
"T1.5.1 실질 증가율(%, 연율)",Y033RL,Equipment,2020Q3,48.9
"T1.5.1 실질 증가율(%, 연율)",Y033RL,Equipment,2020Q4,18.1
"T1.5.1 실질 증가율(%, 연율)",Y033RL,Equipment,2021Q1,5.5
"T1.5.1 실질 증가율(%, 연율)",Y033RL,Equipment,2021Q2,12
"T1.5.1 실질 증가율(%, 연율)",Y033RL,Equipment,2021Q3,-11.3
"T1.5.1 실질 증가율(%, 연율)",Y033RL,Equipment,2021Q4,-0.5
"T1.5.1 실질 증가율(%, 연율)",Y033RL,Equipment,2022Q1,12.9
"T1.5.1 실질 증가율(%, 연율)",Y033RL,Equipment,2022Q2,0.7
"T1.5.1 실질 증가율(%, 연율)",Y033RL,Equipment,2022Q3,2.7
"T1.5.1 실질 증가율(%, 연율)",Y033RL,Equipment,2022Q4,2.5
"T1.5.1 실질 증가율(%, 연율)",Y033RL,Equipment,2023Q1,-0.2
"T1.5.1 실질 증가율(%, 연율)",Y033RL,Equipment,2023Q2,12.6
"T1.5.1 실질 증가율(%, 연율)",Y033RL,Equipment,2023Q3,-2.6
"T1.5.1 실질 증가율(%, 연율)",Y033RL,Equipment,2023Q4,3.3
"T1.5.1 실질 증가율(%, 연율)",Y033RL,Equipment,2024Q1,0.5
"T1.5.1 실질 증가율(%, 연율)",Y033RL,Equipment,2024Q2,8.9
"T1.5.1 실질 증가율(%, 연율)",Y033RL,Equipment,2024Q3,8.2
"T1.5.1 실질 증가율(%, 연율)",Y033RL,Equipment,2024Q4,-4.3
"T1.5.1 실질 증가율(%, 연율)",Y033RL,Equipment,2025Q1,21.4
"T1.5.1 실질 증가율(%, 연율)",Y033RL,Equipment,2025Q2,8.5
"T1.5.1 실질 증가율(%, 연율)",Y033RL,Equipment,2025Q3,5.2
"T1.5.1 실질 증가율(%, 연율)",Y033RL,Equipment,2025Q4,4.3
"T1.5.1 실질 증가율(%, 연율)",Y033RL,Equipment,2026Q1,15.8
"T1.5.1 실질 증가율(%, 연율)",Y033RL,Equipment,2026Q2,15.2
"T1.5.1 실질 증가율(%, 연율)",Y034RL,Information processing equipment,2015Q1,4.2
"T1.5.1 실질 증가율(%, 연율)",Y034RL,Information processing equipment,2015Q2,8.2
"T1.5.1 실질 증가율(%, 연율)",Y034RL,Information processing equipment,2015Q3,12.5
"T1.5.1 실질 증가율(%, 연율)",Y034RL,Information processing equipment,2015Q4,5.8
"T1.5.1 실질 증가율(%, 연율)",Y034RL,Information processing equipment,2016Q1,4.1
"T1.5.1 실질 증가율(%, 연율)",Y034RL,Information processing equipment,2016Q2,1.6
"T1.5.1 실질 증가율(%, 연율)",Y034RL,Information processing equipment,2016Q3,6.7
"T1.5.1 실질 증가율(%, 연율)",Y034RL,Information processing equipment,2016Q4,8.2
"T1.5.1 실질 증가율(%, 연율)",Y034RL,Information processing equipment,2017Q1,5.8
"T1.5.1 실질 증가율(%, 연율)",Y034RL,Information processing equipment,2017Q2,16.2
"T1.5.1 실질 증가율(%, 연율)",Y034RL,Information processing equipment,2017Q3,4.7
"T1.5.1 실질 증가율(%, 연율)",Y034RL,Information processing equipment,2017Q4,14.3
"T1.5.1 실질 증가율(%, 연율)",Y034RL,Information processing equipment,2018Q1,12
"T1.5.1 실질 증가율(%, 연율)",Y034RL,Information processing equipment,2018Q2,1.5
"T1.5.1 실질 증가율(%, 연율)",Y034RL,Information processing equipment,2018Q3,5.1
"T1.5.1 실질 증가율(%, 연율)",Y034RL,Information processing equipment,2018Q4,-0.2
"T1.5.1 실질 증가율(%, 연율)",Y034RL,Information processing equipment,2019Q1,7.2
"T1.5.1 실질 증가율(%, 연율)",Y034RL,Information processing equipment,2019Q2,8.1
"T1.5.1 실질 증가율(%, 연율)",Y034RL,Information processing equipment,2019Q3,-5.9
"T1.5.1 실질 증가율(%, 연율)",Y034RL,Information processing equipment,2019Q4,-4
"T1.5.1 실질 증가율(%, 연율)",Y034RL,Information processing equipment,2020Q1,-16
"T1.5.1 실질 증가율(%, 연율)",Y034RL,Information processing equipment,2020Q2,12.1
"T1.5.1 실질 증가율(%, 연율)",Y034RL,Information processing equipment,2020Q3,30.1
"T1.5.1 실질 증가율(%, 연율)",Y034RL,Information processing equipment,2020Q4,11
"T1.5.1 실질 증가율(%, 연율)",Y034RL,Information processing equipment,2021Q1,10.5
"T1.5.1 실질 증가율(%, 연율)",Y034RL,Information processing equipment,2021Q2,4.8
"T1.5.1 실질 증가율(%, 연율)",Y034RL,Information processing equipment,2021Q3,-3.7
"T1.5.1 실질 증가율(%, 연율)",Y034RL,Information processing equipment,2021Q4,24.9
"T1.5.1 실질 증가율(%, 연율)",Y034RL,Information processing equipment,2022Q1,14.1
"T1.5.1 실질 증가율(%, 연율)",Y034RL,Information processing equipment,2022Q2,-2.7
"T1.5.1 실질 증가율(%, 연율)",Y034RL,Information processing equipment,2022Q3,3.3
"T1.5.1 실질 증가율(%, 연율)",Y034RL,Information processing equipment,2022Q4,-13.6
"T1.5.1 실질 증가율(%, 연율)",Y034RL,Information processing equipment,2023Q1,-3.9
"T1.5.1 실질 증가율(%, 연율)",Y034RL,Information processing equipment,2023Q2,-4.6
"T1.5.1 실질 증가율(%, 연율)",Y034RL,Information processing equipment,2023Q3,-1.9
"T1.5.1 실질 증가율(%, 연율)",Y034RL,Information processing equipment,2023Q4,13.2
"T1.5.1 실질 증가율(%, 연율)",Y034RL,Information processing equipment,2024Q1,-0.5
"T1.5.1 실질 증가율(%, 연율)",Y034RL,Information processing equipment,2024Q2,10.9
"T1.5.1 실질 증가율(%, 연율)",Y034RL,Information processing equipment,2024Q3,14.9
"T1.5.1 실질 증가율(%, 연율)",Y034RL,Information processing equipment,2024Q4,0.6
"T1.5.1 실질 증가율(%, 연율)",Y034RL,Information processing equipment,2025Q1,62.7
"T1.5.1 실질 증가율(%, 연율)",Y034RL,Information processing equipment,2025Q2,11.7
"T1.5.1 실질 증가율(%, 연율)",Y034RL,Information processing equipment,2025Q3,8.8
"T1.5.1 실질 증가율(%, 연율)",Y034RL,Information processing equipment,2025Q4,37
"T1.5.1 실질 증가율(%, 연율)",Y034RL,Information processing equipment,2026Q1,39.9
"T1.5.1 실질 증가율(%, 연율)",Y034RL,Information processing equipment,2026Q2,8.3
"T1.5.1 실질 증가율(%, 연율)",Y001RL,Intellectual property products,2015Q1,-2.4
"T1.5.1 실질 증가율(%, 연율)",Y001RL,Intellectual property products,2015Q2,2.2
"T1.5.1 실질 증가율(%, 연율)",Y001RL,Intellectual property products,2015Q3,6.5
"T1.5.1 실질 증가율(%, 연율)",Y001RL,Intellectual property products,2015Q4,11.3
"T1.5.1 실질 증가율(%, 연율)",Y001RL,Intellectual property products,2016Q1,12.8
"T1.5.1 실질 증가율(%, 연율)",Y001RL,Intellectual property products,2016Q2,10.4
"T1.5.1 실질 증가율(%, 연율)",Y001RL,Intellectual property products,2016Q3,8.3
"T1.5.1 실질 증가율(%, 연율)",Y001RL,Intellectual property products,2016Q4,4.5
"T1.5.1 실질 증가율(%, 연율)",Y001RL,Intellectual property products,2017Q1,9
"T1.5.1 실질 증가율(%, 연율)",Y001RL,Intellectual property products,2017Q2,2.9
"T1.5.1 실질 증가율(%, 연율)",Y001RL,Intellectual property products,2017Q3,8.9
"T1.5.1 실질 증가율(%, 연율)",Y001RL,Intellectual property products,2017Q4,8.1
"T1.5.1 실질 증가율(%, 연율)",Y001RL,Intellectual property products,2018Q1,8.8
"T1.5.1 실질 증가율(%, 연율)",Y001RL,Intellectual property products,2018Q2,11.9
"T1.5.1 실질 증가율(%, 연율)",Y001RL,Intellectual property products,2018Q3,7
"T1.5.1 실질 증가율(%, 연율)",Y001RL,Intellectual property products,2018Q4,11.9
"T1.5.1 실질 증가율(%, 연율)",Y001RL,Intellectual property products,2019Q1,4.2
"T1.5.1 실질 증가율(%, 연율)",Y001RL,Intellectual property products,2019Q2,8.9
"T1.5.1 실질 증가율(%, 연율)",Y001RL,Intellectual property products,2019Q3,8.1
"T1.5.1 실질 증가율(%, 연율)",Y001RL,Intellectual property products,2019Q4,10.1
"T1.5.1 실질 증가율(%, 연율)",Y001RL,Intellectual property products,2020Q1,6.4
"T1.5.1 실질 증가율(%, 연율)",Y001RL,Intellectual property products,2020Q2,-10
"T1.5.1 실질 증가율(%, 연율)",Y001RL,Intellectual property products,2020Q3,7.5
"T1.5.1 실질 증가율(%, 연율)",Y001RL,Intellectual property products,2020Q4,10.5
"T1.5.1 실질 증가율(%, 연율)",Y001RL,Intellectual property products,2021Q1,14.8
"T1.5.1 실질 증가율(%, 연율)",Y001RL,Intellectual property products,2021Q2,13.2
"T1.5.1 실질 증가율(%, 연율)",Y001RL,Intellectual property products,2021Q3,10.1
"T1.5.1 실질 증가율(%, 연율)",Y001RL,Intellectual property products,2021Q4,13
"T1.5.1 실질 증가율(%, 연율)",Y001RL,Intellectual property products,2022Q1,13.8
"T1.5.1 실질 증가율(%, 연율)",Y001RL,Intellectual property products,2022Q2,12.4
"T1.5.1 실질 증가율(%, 연율)",Y001RL,Intellectual property products,2022Q3,6.9
"T1.5.1 실질 증가율(%, 연율)",Y001RL,Intellectual property products,2022Q4,9.3
"T1.5.1 실질 증가율(%, 연율)",Y001RL,Intellectual property products,2023Q1,5.5
"T1.5.1 실질 증가율(%, 연율)",Y001RL,Intellectual property products,2023Q2,4.7
"T1.5.1 실질 증가율(%, 연율)",Y001RL,Intellectual property products,2023Q3,2.9
"T1.5.1 실질 증가율(%, 연율)",Y001RL,Intellectual property products,2023Q4,4.2
"T1.5.1 실질 증가율(%, 연율)",Y001RL,Intellectual property products,2024Q1,6.7
"T1.5.1 실질 증가율(%, 연율)",Y001RL,Intellectual property products,2024Q2,0.7
"T1.5.1 실질 증가율(%, 연율)",Y001RL,Intellectual property products,2024Q3,2.6
"T1.5.1 실질 증가율(%, 연율)",Y001RL,Intellectual property products,2024Q4,-0.6
"T1.5.1 실질 증가율(%, 연율)",Y001RL,Intellectual property products,2025Q1,6.5
"T1.5.1 실질 증가율(%, 연율)",Y001RL,Intellectual property products,2025Q2,15
"T1.5.1 실질 증가율(%, 연율)",Y001RL,Intellectual property products,2025Q3,5.6
"T1.5.1 실질 증가율(%, 연율)",Y001RL,Intellectual property products,2025Q4,5.4
"T1.5.1 실질 증가율(%, 연율)",Y001RL,Intellectual property products,2026Q1,13.8
"T1.5.1 실질 증가율(%, 연율)",Y001RL,Intellectual property products,2026Q2,8.8
"T1.5.1 실질 증가율(%, 연율)",B985RL,Software\4\,2015Q1,5.1
"T1.5.1 실질 증가율(%, 연율)",B985RL,Software\4\,2015Q2,5.6
"T1.5.1 실질 증가율(%, 연율)",B985RL,Software\4\,2015Q3,4.9
"T1.5.1 실질 증가율(%, 연율)",B985RL,Software\4\,2015Q4,12.4
"T1.5.1 실질 증가율(%, 연율)",B985RL,Software\4\,2016Q1,15.8
"T1.5.1 실질 증가율(%, 연율)",B985RL,Software\4\,2016Q2,11.8
"T1.5.1 실질 증가율(%, 연율)",B985RL,Software\4\,2016Q3,12.9
"T1.5.1 실질 증가율(%, 연율)",B985RL,Software\4\,2016Q4,11.8
"T1.5.1 실질 증가율(%, 연율)",B985RL,Software\4\,2017Q1,12.8
"T1.5.1 실질 증가율(%, 연율)",B985RL,Software\4\,2017Q2,11.2
"T1.5.1 실질 증가율(%, 연율)",B985RL,Software\4\,2017Q3,14.4
"T1.5.1 실질 증가율(%, 연율)",B985RL,Software\4\,2017Q4,13.1
"T1.5.1 실질 증가율(%, 연율)",B985RL,Software\4\,2018Q1,14.1
"T1.5.1 실질 증가율(%, 연율)",B985RL,Software\4\,2018Q2,14.5
"T1.5.1 실질 증가율(%, 연율)",B985RL,Software\4\,2018Q3,11.8
"T1.5.1 실질 증가율(%, 연율)",B985RL,Software\4\,2018Q4,10.6
"T1.5.1 실질 증가율(%, 연율)",B985RL,Software\4\,2019Q1,-1.6
"T1.5.1 실질 증가율(%, 연율)",B985RL,Software\4\,2019Q2,8.2
"T1.5.1 실질 증가율(%, 연율)",B985RL,Software\4\,2019Q3,9.7
"T1.5.1 실질 증가율(%, 연율)",B985RL,Software\4\,2019Q4,15.6
"T1.5.1 실질 증가율(%, 연율)",B985RL,Software\4\,2020Q1,13.2
"T1.5.1 실질 증가율(%, 연율)",B985RL,Software\4\,2020Q2,-1.4
"T1.5.1 실질 증가율(%, 연율)",B985RL,Software\4\,2020Q3,7
"T1.5.1 실질 증가율(%, 연율)",B985RL,Software\4\,2020Q4,17.2
"T1.5.1 실질 증가율(%, 연율)",B985RL,Software\4\,2021Q1,24.5
"T1.5.1 실질 증가율(%, 연율)",B985RL,Software\4\,2021Q2,15.1
"T1.5.1 실질 증가율(%, 연율)",B985RL,Software\4\,2021Q3,10.6
"T1.5.1 실질 증가율(%, 연율)",B985RL,Software\4\,2021Q4,13.1
"T1.5.1 실질 증가율(%, 연율)",B985RL,Software\4\,2022Q1,22.5
"T1.5.1 실질 증가율(%, 연율)",B985RL,Software\4\,2022Q2,14.3
"T1.5.1 실질 증가율(%, 연율)",B985RL,Software\4\,2022Q3,9.2
"T1.5.1 실질 증가율(%, 연율)",B985RL,Software\4\,2022Q4,13.6
"T1.5.1 실질 증가율(%, 연율)",B985RL,Software\4\,2023Q1,2.3
"T1.5.1 실질 증가율(%, 연율)",B985RL,Software\4\,2023Q2,4.1
"T1.5.1 실질 증가율(%, 연율)",B985RL,Software\4\,2023Q3,6.2
"T1.5.1 실질 증가율(%, 연율)",B985RL,Software\4\,2023Q4,10
"T1.5.1 실질 증가율(%, 연율)",B985RL,Software\4\,2024Q1,10.9
"T1.5.1 실질 증가율(%, 연율)",B985RL,Software\4\,2024Q2,3.7
"T1.5.1 실질 증가율(%, 연율)",B985RL,Software\4\,2024Q3,2.5
"T1.5.1 실질 증가율(%, 연율)",B985RL,Software\4\,2024Q4,2.8
"T1.5.1 실질 증가율(%, 연율)",B985RL,Software\4\,2025Q1,18.8
"T1.5.1 실질 증가율(%, 연율)",B985RL,Software\4\,2025Q2,26.6
"T1.5.1 실질 증가율(%, 연율)",B985RL,Software\4\,2025Q3,3.6
"T1.5.1 실질 증가율(%, 연율)",B985RL,Software\4\,2025Q4,4.8
"T1.5.1 실질 증가율(%, 연율)",B985RL,Software\4\,2026Q1,23.3
"T1.5.1 실질 증가율(%, 연율)",B985RL,Software\4\,2026Q2,11.4
T1.5.4 가격지수(2017=100),Y033RG,Equipment,2015Q1,101.949
T1.5.4 가격지수(2017=100),Y033RG,Equipment,2015Q2,101.731
T1.5.4 가격지수(2017=100),Y033RG,Equipment,2015Q3,101.293
T1.5.4 가격지수(2017=100),Y033RG,Equipment,2015Q4,101.022
T1.5.4 가격지수(2017=100),Y033RG,Equipment,2016Q1,100.624
T1.5.4 가격지수(2017=100),Y033RG,Equipment,2016Q2,100.277
T1.5.4 가격지수(2017=100),Y033RG,Equipment,2016Q3,100.035
T1.5.4 가격지수(2017=100),Y033RG,Equipment,2016Q4,99.889
T1.5.4 가격지수(2017=100),Y033RG,Equipment,2017Q1,100.081
T1.5.4 가격지수(2017=100),Y033RG,Equipment,2017Q2,100.036
T1.5.4 가격지수(2017=100),Y033RG,Equipment,2017Q3,99.974
T1.5.4 가격지수(2017=100),Y033RG,Equipment,2017Q4,99.909
T1.5.4 가격지수(2017=100),Y033RG,Equipment,2018Q1,99.8
T1.5.4 가격지수(2017=100),Y033RG,Equipment,2018Q2,99.749
T1.5.4 가격지수(2017=100),Y033RG,Equipment,2018Q3,100.162
T1.5.4 가격지수(2017=100),Y033RG,Equipment,2018Q4,99.974
T1.5.4 가격지수(2017=100),Y033RG,Equipment,2019Q1,100.151
T1.5.4 가격지수(2017=100),Y033RG,Equipment,2019Q2,100.197
T1.5.4 가격지수(2017=100),Y033RG,Equipment,2019Q3,99.988
T1.5.4 가격지수(2017=100),Y033RG,Equipment,2019Q4,99.591
T1.5.4 가격지수(2017=100),Y033RG,Equipment,2020Q1,99.651
T1.5.4 가격지수(2017=100),Y033RG,Equipment,2020Q2,99.819
T1.5.4 가격지수(2017=100),Y033RG,Equipment,2020Q3,99.488
T1.5.4 가격지수(2017=100),Y033RG,Equipment,2020Q4,98.886
T1.5.4 가격지수(2017=100),Y033RG,Equipment,2021Q1,99.474
T1.5.4 가격지수(2017=100),Y033RG,Equipment,2021Q2,98.749
T1.5.4 가격지수(2017=100),Y033RG,Equipment,2021Q3,100.058
T1.5.4 가격지수(2017=100),Y033RG,Equipment,2021Q4,101.351
T1.5.4 가격지수(2017=100),Y033RG,Equipment,2022Q1,103.206
T1.5.4 가격지수(2017=100),Y033RG,Equipment,2022Q2,105.439
T1.5.4 가격지수(2017=100),Y033RG,Equipment,2022Q3,107.049
T1.5.4 가격지수(2017=100),Y033RG,Equipment,2022Q4,108.567
T1.5.4 가격지수(2017=100),Y033RG,Equipment,2023Q1,110.39
T1.5.4 가격지수(2017=100),Y033RG,Equipment,2023Q2,110.463
T1.5.4 가격지수(2017=100),Y033RG,Equipment,2023Q3,111.162
T1.5.4 가격지수(2017=100),Y033RG,Equipment,2023Q4,111.444
T1.5.4 가격지수(2017=100),Y033RG,Equipment,2024Q1,112.427
T1.5.4 가격지수(2017=100),Y033RG,Equipment,2024Q2,112.956
T1.5.4 가격지수(2017=100),Y033RG,Equipment,2024Q3,113.547
T1.5.4 가격지수(2017=100),Y033RG,Equipment,2024Q4,113.761
T1.5.4 가격지수(2017=100),Y033RG,Equipment,2025Q1,113.939
T1.5.4 가격지수(2017=100),Y033RG,Equipment,2025Q2,114.879
T1.5.4 가격지수(2017=100),Y033RG,Equipment,2025Q3,116.517
T1.5.4 가격지수(2017=100),Y033RG,Equipment,2025Q4,117.507
T1.5.4 가격지수(2017=100),Y033RG,Equipment,2026Q1,118.719
T1.5.4 가격지수(2017=100),Y033RG,Equipment,2026Q2,120.352
T1.5.4 가격지수(2017=100),Y034RG,Information processing equipment,2015Q1,109.597
T1.5.4 가격지수(2017=100),Y034RG,Information processing equipment,2015Q2,108.617
T1.5.4 가격지수(2017=100),Y034RG,Information processing equipment,2015Q3,106.897
T1.5.4 가격지수(2017=100),Y034RG,Information processing equipment,2015Q4,105.265
T1.5.4 가격지수(2017=100),Y034RG,Information processing equipment,2016Q1,104.015
T1.5.4 가격지수(2017=100),Y034RG,Information processing equipment,2016Q2,103.487
T1.5.4 가격지수(2017=100),Y034RG,Information processing equipment,2016Q3,101.964
T1.5.4 가격지수(2017=100),Y034RG,Information processing equipment,2016Q4,100.761
T1.5.4 가격지수(2017=100),Y034RG,Information processing equipment,2017Q1,100.572
T1.5.4 가격지수(2017=100),Y034RG,Information processing equipment,2017Q2,100.097
T1.5.4 가격지수(2017=100),Y034RG,Information processing equipment,2017Q3,99.843
T1.5.4 가격지수(2017=100),Y034RG,Information processing equipment,2017Q4,99.488
T1.5.4 가격지수(2017=100),Y034RG,Information processing equipment,2018Q1,98.633
T1.5.4 가격지수(2017=100),Y034RG,Information processing equipment,2018Q2,97.799
T1.5.4 가격지수(2017=100),Y034RG,Information processing equipment,2018Q3,97.399
T1.5.4 가격지수(2017=100),Y034RG,Information processing equipment,2018Q4,96.398
T1.5.4 가격지수(2017=100),Y034RG,Information processing equipment,2019Q1,95.818
T1.5.4 가격지수(2017=100),Y034RG,Information processing equipment,2019Q2,94.887
T1.5.4 가격지수(2017=100),Y034RG,Information processing equipment,2019Q3,94.121
T1.5.4 가격지수(2017=100),Y034RG,Information processing equipment,2019Q4,93.22
T1.5.4 가격지수(2017=100),Y034RG,Information processing equipment,2020Q1,92.91
T1.5.4 가격지수(2017=100),Y034RG,Information processing equipment,2020Q2,92.567
T1.5.4 가격지수(2017=100),Y034RG,Information processing equipment,2020Q3,92.548
T1.5.4 가격지수(2017=100),Y034RG,Information processing equipment,2020Q4,92.261
T1.5.4 가격지수(2017=100),Y034RG,Information processing equipment,2021Q1,92.267
T1.5.4 가격지수(2017=100),Y034RG,Information processing equipment,2021Q2,92.238
T1.5.4 가격지수(2017=100),Y034RG,Information processing equipment,2021Q3,92.441
T1.5.4 가격지수(2017=100),Y034RG,Information processing equipment,2021Q4,92.455
T1.5.4 가격지수(2017=100),Y034RG,Information processing equipment,2022Q1,93.614
T1.5.4 가격지수(2017=100),Y034RG,Information processing equipment,2022Q2,93.877
T1.5.4 가격지수(2017=100),Y034RG,Information processing equipment,2022Q3,93.933
T1.5.4 가격지수(2017=100),Y034RG,Information processing equipment,2022Q4,94.254
T1.5.4 가격지수(2017=100),Y034RG,Information processing equipment,2023Q1,95.147
T1.5.4 가격지수(2017=100),Y034RG,Information processing equipment,2023Q2,95.347
T1.5.4 가격지수(2017=100),Y034RG,Information processing equipment,2023Q3,95.385
T1.5.4 가격지수(2017=100),Y034RG,Information processing equipment,2023Q4,95.455
T1.5.4 가격지수(2017=100),Y034RG,Information processing equipment,2024Q1,96.281
T1.5.4 가격지수(2017=100),Y034RG,Information processing equipment,2024Q2,96.658
T1.5.4 가격지수(2017=100),Y034RG,Information processing equipment,2024Q3,97.095
T1.5.4 가격지수(2017=100),Y034RG,Information processing equipment,2024Q4,97.483
T1.5.4 가격지수(2017=100),Y034RG,Information processing equipment,2025Q1,97.741
T1.5.4 가격지수(2017=100),Y034RG,Information processing equipment,2025Q2,98.542
T1.5.4 가격지수(2017=100),Y034RG,Information processing equipment,2025Q3,100.222
T1.5.4 가격지수(2017=100),Y034RG,Information processing equipment,2025Q4,100.688
T1.5.4 가격지수(2017=100),Y034RG,Information processing equipment,2026Q1,102.595
T1.5.4 가격지수(2017=100),Y034RG,Information processing equipment,2026Q2,105.803
T1.5.4 가격지수(2017=100),Y001RG,Intellectual property products,2015Q1,100.761
T1.5.4 가격지수(2017=100),Y001RG,Intellectual property products,2015Q2,100.936
T1.5.4 가격지수(2017=100),Y001RG,Intellectual property products,2015Q3,100.806
T1.5.4 가격지수(2017=100),Y001RG,Intellectual property products,2015Q4,100.001
T1.5.4 가격지수(2017=100),Y001RG,Intellectual property products,2016Q1,99.226
T1.5.4 가격지수(2017=100),Y001RG,Intellectual property products,2016Q2,99.507
T1.5.4 가격지수(2017=100),Y001RG,Intellectual property products,2016Q3,99.225
T1.5.4 가격지수(2017=100),Y001RG,Intellectual property products,2016Q4,99.852
T1.5.4 가격지수(2017=100),Y001RG,Intellectual property products,2017Q1,99.686
T1.5.4 가격지수(2017=100),Y001RG,Intellectual property products,2017Q2,100.083
T1.5.4 가격지수(2017=100),Y001RG,Intellectual property products,2017Q3,100.053
T1.5.4 가격지수(2017=100),Y001RG,Intellectual property products,2017Q4,100.178
T1.5.4 가격지수(2017=100),Y001RG,Intellectual property products,2018Q1,100.625
T1.5.4 가격지수(2017=100),Y001RG,Intellectual property products,2018Q2,100.842
T1.5.4 가격지수(2017=100),Y001RG,Intellectual property products,2018Q3,100.676
T1.5.4 가격지수(2017=100),Y001RG,Intellectual property products,2018Q4,100.184
T1.5.4 가격지수(2017=100),Y001RG,Intellectual property products,2019Q1,100.662
T1.5.4 가격지수(2017=100),Y001RG,Intellectual property products,2019Q2,101.065
T1.5.4 가격지수(2017=100),Y001RG,Intellectual property products,2019Q3,100.965
T1.5.4 가격지수(2017=100),Y001RG,Intellectual property products,2019Q4,100.251
T1.5.4 가격지수(2017=100),Y001RG,Intellectual property products,2020Q1,100.565
T1.5.4 가격지수(2017=100),Y001RG,Intellectual property products,2020Q2,101.746
T1.5.4 가격지수(2017=100),Y001RG,Intellectual property products,2020Q3,102.008
T1.5.4 가격지수(2017=100),Y001RG,Intellectual property products,2020Q4,103.269
T1.5.4 가격지수(2017=100),Y001RG,Intellectual property products,2021Q1,102.443
T1.5.4 가격지수(2017=100),Y001RG,Intellectual property products,2021Q2,102.607
T1.5.4 가격지수(2017=100),Y001RG,Intellectual property products,2021Q3,102.629
T1.5.4 가격지수(2017=100),Y001RG,Intellectual property products,2021Q4,102.755
T1.5.4 가격지수(2017=100),Y001RG,Intellectual property products,2022Q1,102.875
T1.5.4 가격지수(2017=100),Y001RG,Intellectual property products,2022Q2,103.553
T1.5.4 가격지수(2017=100),Y001RG,Intellectual property products,2022Q3,104.163
T1.5.4 가격지수(2017=100),Y001RG,Intellectual property products,2022Q4,103.614
T1.5.4 가격지수(2017=100),Y001RG,Intellectual property products,2023Q1,104.366
T1.5.4 가격지수(2017=100),Y001RG,Intellectual property products,2023Q2,104.281
T1.5.4 가격지수(2017=100),Y001RG,Intellectual property products,2023Q3,104.34
T1.5.4 가격지수(2017=100),Y001RG,Intellectual property products,2023Q4,104.689
T1.5.4 가격지수(2017=100),Y001RG,Intellectual property products,2024Q1,104.751
T1.5.4 가격지수(2017=100),Y001RG,Intellectual property products,2024Q2,105.638
T1.5.4 가격지수(2017=100),Y001RG,Intellectual property products,2024Q3,106.706
T1.5.4 가격지수(2017=100),Y001RG,Intellectual property products,2024Q4,107.482
T1.5.4 가격지수(2017=100),Y001RG,Intellectual property products,2025Q1,107.051
T1.5.4 가격지수(2017=100),Y001RG,Intellectual property products,2025Q2,106.117
T1.5.4 가격지수(2017=100),Y001RG,Intellectual property products,2025Q3,107.503
T1.5.4 가격지수(2017=100),Y001RG,Intellectual property products,2025Q4,108.708
T1.5.4 가격지수(2017=100),Y001RG,Intellectual property products,2026Q1,108.048
T1.5.4 가격지수(2017=100),Y001RG,Intellectual property products,2026Q2,108.46
T1.5.4 가격지수(2017=100),B985RG,Software\4\,2015Q1,104.582
T1.5.4 가격지수(2017=100),B985RG,Software\4\,2015Q2,103.703
T1.5.4 가격지수(2017=100),B985RG,Software\4\,2015Q3,103.746
T1.5.4 가격지수(2017=100),B985RG,Software\4\,2015Q4,103.333
T1.5.4 가격지수(2017=100),B985RG,Software\4\,2016Q1,103.008
T1.5.4 가격지수(2017=100),B985RG,Software\4\,2016Q2,102.419
T1.5.4 가격지수(2017=100),B985RG,Software\4\,2016Q3,101.779
T1.5.4 가격지수(2017=100),B985RG,Software\4\,2016Q4,101.542
T1.5.4 가격지수(2017=100),B985RG,Software\4\,2017Q1,100.86
T1.5.4 가격지수(2017=100),B985RG,Software\4\,2017Q2,100.734
T1.5.4 가격지수(2017=100),B985RG,Software\4\,2017Q3,99.566
T1.5.4 가격지수(2017=100),B985RG,Software\4\,2017Q4,98.84
T1.5.4 가격지수(2017=100),B985RG,Software\4\,2018Q1,98.157
T1.5.4 가격지수(2017=100),B985RG,Software\4\,2018Q2,97.856
T1.5.4 가격지수(2017=100),B985RG,Software\4\,2018Q3,97.306
T1.5.4 가격지수(2017=100),B985RG,Software\4\,2018Q4,96.433
T1.5.4 가격지수(2017=100),B985RG,Software\4\,2019Q1,96.221
T1.5.4 가격지수(2017=100),B985RG,Software\4\,2019Q2,96.403
T1.5.4 가격지수(2017=100),B985RG,Software\4\,2019Q3,96.158
T1.5.4 가격지수(2017=100),B985RG,Software\4\,2019Q4,94.778
T1.5.4 가격지수(2017=100),B985RG,Software\4\,2020Q1,94.037
T1.5.4 가격지수(2017=100),B985RG,Software\4\,2020Q2,93.866
T1.5.4 가격지수(2017=100),B985RG,Software\4\,2020Q3,93.341
T1.5.4 가격지수(2017=100),B985RG,Software\4\,2020Q4,93.342
T1.5.4 가격지수(2017=100),B985RG,Software\4\,2021Q1,91.21
T1.5.4 가격지수(2017=100),B985RG,Software\4\,2021Q2,91.111
T1.5.4 가격지수(2017=100),B985RG,Software\4\,2021Q3,90.711
T1.5.4 가격지수(2017=100),B985RG,Software\4\,2021Q4,90.358
T1.5.4 가격지수(2017=100),B985RG,Software\4\,2022Q1,89.255
T1.5.4 가격지수(2017=100),B985RG,Software\4\,2022Q2,89.286
T1.5.4 가격지수(2017=100),B985RG,Software\4\,2022Q3,89.614
T1.5.4 가격지수(2017=100),B985RG,Software\4\,2022Q4,88.272
T1.5.4 가격지수(2017=100),B985RG,Software\4\,2023Q1,89.823
T1.5.4 가격지수(2017=100),B985RG,Software\4\,2023Q2,89.251
T1.5.4 가격지수(2017=100),B985RG,Software\4\,2023Q3,88.901
T1.5.4 가격지수(2017=100),B985RG,Software\4\,2023Q4,88.567
T1.5.4 가격지수(2017=100),B985RG,Software\4\,2024Q1,87.993
T1.5.4 가격지수(2017=100),B985RG,Software\4\,2024Q2,89.295
T1.5.4 가격지수(2017=100),B985RG,Software\4\,2024Q3,90.752
T1.5.4 가격지수(2017=100),B985RG,Software\4\,2024Q4,91.063
T1.5.4 가격지수(2017=100),B985RG,Software\4\,2025Q1,89.168
T1.5.4 가격지수(2017=100),B985RG,Software\4\,2025Q2,86.369
T1.5.4 가격지수(2017=100),B985RG,Software\4\,2025Q3,87.856
T1.5.4 가격지수(2017=100),B985RG,Software\4\,2025Q4,88.659
T1.5.4 가격지수(2017=100),B985RG,Software\4\,2026Q1,85.869
T1.5.4 가격지수(2017=100),B985RG,Software\4\,2026Q2,85.344
T1.5.5 명목 수준(백만 달러),A191RC,Gross domestic product,2015Q1,18063529
T1.5.5 명목 수준(백만 달러),A191RC,Gross domestic product,2015Q2,18279784
T1.5.5 명목 수준(백만 달러),A191RC,Gross domestic product,2015Q3,18401626
T1.5.5 명목 수준(백만 달러),A191RC,Gross domestic product,2015Q4,18435137
T1.5.5 명목 수준(백만 달러),A191RC,Gross domestic product,2016Q1,18525933
T1.5.5 명목 수준(백만 달러),A191RC,Gross domestic product,2016Q2,18711702
T1.5.5 명목 수준(백만 달러),A191RC,Gross domestic product,2016Q3,18892639
T1.5.5 명목 수준(백만 달러),A191RC,Gross domestic product,2016Q4,19089379
T1.5.5 명목 수준(백만 달러),A191RC,Gross domestic product,2017Q1,19280084
T1.5.5 명목 수준(백만 달러),A191RC,Gross domestic product,2017Q2,19438643
T1.5.5 명목 수준(백만 달러),A191RC,Gross domestic product,2017Q3,19692595
T1.5.5 명목 수준(백만 달러),A191RC,Gross domestic product,2017Q4,20037088
T1.5.5 명목 수준(백만 달러),A191RC,Gross domestic product,2018Q1,20328553
T1.5.5 명목 수준(백만 달러),A191RC,Gross domestic product,2018Q2,20580912
T1.5.5 명목 수준(백만 달러),A191RC,Gross domestic product,2018Q3,20798730
T1.5.5 명목 수준(백만 달러),A191RC,Gross domestic product,2018Q4,20917867
T1.5.5 명목 수준(백만 달러),A191RC,Gross domestic product,2019Q1,21111600
T1.5.5 명목 수준(백만 달러),A191RC,Gross domestic product,2019Q2,21397938
T1.5.5 명목 수준(백만 달러),A191RC,Gross domestic product,2019Q3,21717171
T1.5.5 명목 수준(백만 달러),A191RC,Gross domestic product,2019Q4,21933217
T1.5.5 명목 수준(백만 달러),A191RC,Gross domestic product,2020Q1,21751238
T1.5.5 명목 수준(백만 달러),A191RC,Gross domestic product,2020Q2,19958291
T1.5.5 명목 수준(백만 달러),A191RC,Gross domestic product,2020Q3,21704437
T1.5.5 명목 수준(백만 달러),A191RC,Gross domestic product,2020Q4,22087160
T1.5.5 명목 수준(백만 달러),A191RC,Gross domestic product,2021Q1,22680693
T1.5.5 명목 수준(백만 달러),A191RC,Gross domestic product,2021Q2,23425910
T1.5.5 명목 수준(백만 달러),A191RC,Gross domestic product,2021Q3,23982379
T1.5.5 명목 수준(백만 달러),A191RC,Gross domestic product,2021Q4,24813600
T1.5.5 명목 수준(백만 달러),A191RC,Gross domestic product,2022Q1,25250347
T1.5.5 명목 수준(백만 달러),A191RC,Gross domestic product,2022Q2,25861292
T1.5.5 명목 수준(백만 달러),A191RC,Gross domestic product,2022Q3,26336304
T1.5.5 명목 수준(백만 달러),A191RC,Gross domestic product,2022Q4,26770514
T1.5.5 명목 수준(백만 달러),A191RC,Gross domestic product,2023Q1,27216445
T1.5.5 명목 수준(백만 달러),A191RC,Gross domestic product,2023Q2,27530055
T1.5.5 명목 수준(백만 달러),A191RC,Gross domestic product,2023Q3,28074846
T1.5.5 명목 수준(백만 달러),A191RC,Gross domestic product,2023Q4,28424722
T1.5.5 명목 수준(백만 달러),A191RC,Gross domestic product,2024Q1,28708161
T1.5.5 명목 수준(백만 달러),A191RC,Gross domestic product,2024Q2,29147044
T1.5.5 명목 수준(백만 달러),A191RC,Gross domestic product,2024Q3,29511664
T1.5.5 명목 수준(백만 달러),A191RC,Gross domestic product,2024Q4,29825182
T1.5.5 명목 수준(백만 달러),A191RC,Gross domestic product,2025Q1,30042113
T1.5.5 명목 수준(백만 달러),A191RC,Gross domestic product,2025Q2,30485729
T1.5.5 명목 수준(백만 달러),A191RC,Gross domestic product,2025Q3,31098027
T1.5.5 명목 수준(백만 달러),A191RC,Gross domestic product,2025Q4,31422526
T1.5.5 명목 수준(백만 달러),A191RC,Gross domestic product,2026Q1,31865721
T1.5.5 명목 수준(백만 달러),A191RC,Gross domestic product,2026Q2,32475210
T1.5.5 명목 수준(백만 달러),A008RC,Nonresidential,2015Q1,2497171
T1.5.5 명목 수준(백만 달러),A008RC,Nonresidential,2015Q2,2510545
T1.5.5 명목 수준(백만 달러),A008RC,Nonresidential,2015Q3,2521879
T1.5.5 명목 수준(백만 달러),A008RC,Nonresidential,2015Q4,2500420
T1.5.5 명목 수준(백만 달러),A008RC,Nonresidential,2016Q1,2488836
T1.5.5 명목 수준(백만 달러),A008RC,Nonresidential,2016Q2,2511643
T1.5.5 명목 수준(백만 달러),A008RC,Nonresidential,2016Q3,2543679
T1.5.5 명목 수준(백만 달러),A008RC,Nonresidential,2016Q4,2571821
T1.5.5 명목 수준(백만 달러),A008RC,Nonresidential,2017Q1,2603148
T1.5.5 명목 수준(백만 달러),A008RC,Nonresidential,2017Q2,2640229
T1.5.5 명목 수준(백만 달러),A008RC,Nonresidential,2017Q3,2668855
T1.5.5 명목 수준(백만 달러),A008RC,Nonresidential,2017Q4,2732168
T1.5.5 명목 수준(백만 달러),A008RC,Nonresidential,2018Q1,2810324
T1.5.5 명목 수준(백만 달러),A008RC,Nonresidential,2018Q2,2846516
T1.5.5 명목 수준(백만 달러),A008RC,Nonresidential,2018Q3,2870365
T1.5.5 명목 수준(백만 달러),A008RC,Nonresidential,2018Q4,2898677
T1.5.5 명목 수준(백만 달러),A008RC,Nonresidential,2019Q1,2932410
T1.5.5 명목 수준(백만 달러),A008RC,Nonresidential,2019Q2,3000782
T1.5.5 명목 수준(백만 달러),A008RC,Nonresidential,2019Q3,3031120
T1.5.5 명목 수준(백만 달러),A008RC,Nonresidential,2019Q4,3010301
T1.5.5 명목 수준(백만 달러),A008RC,Nonresidential,2020Q1,2965479
T1.5.5 명목 수준(백만 달러),A008RC,Nonresidential,2020Q2,2736487
T1.5.5 명목 수준(백만 달러),A008RC,Nonresidential,2020Q3,2852508
T1.5.5 명목 수준(백만 달러),A008RC,Nonresidential,2020Q4,2938775
T1.5.5 명목 수준(백만 달러),A008RC,Nonresidential,2021Q1,3002811
T1.5.5 명목 수준(백만 달러),A008RC,Nonresidential,2021Q2,3078401
T1.5.5 명목 수준(백만 달러),A008RC,Nonresidential,2021Q3,3096193
T1.5.5 명목 수준(백만 달러),A008RC,Nonresidential,2021Q4,3171559
T1.5.5 명목 수준(백만 달러),A008RC,Nonresidential,2022Q1,3314956
T1.5.5 명목 수준(백만 달러),A008RC,Nonresidential,2022Q2,3438720
T1.5.5 명목 수준(백만 달러),A008RC,Nonresidential,2022Q3,3547608
T1.5.5 명목 수준(백만 달러),A008RC,Nonresidential,2022Q4,3636960
T1.5.5 명목 수준(백만 달러),A008RC,Nonresidential,2023Q1,3756575
T1.5.5 명목 수준(백만 달러),A008RC,Nonresidential,2023Q2,3854267
T1.5.5 명목 수준(백만 달러),A008RC,Nonresidential,2023Q3,3871644
T1.5.5 명목 수준(백만 달러),A008RC,Nonresidential,2023Q4,3941343
T1.5.5 명목 수준(백만 달러),A008RC,Nonresidential,2024Q1,3963752
T1.5.5 명목 수준(백만 달러),A008RC,Nonresidential,2024Q2,4012411
T1.5.5 명목 수준(백만 달러),A008RC,Nonresidential,2024Q3,4069186
T1.5.5 명목 수준(백만 달러),A008RC,Nonresidential,2024Q4,4046390
T1.5.5 명목 수준(백만 달러),A008RC,Nonresidential,2025Q1,4137819
T1.5.5 명목 수준(백만 달러),A008RC,Nonresidential,2025Q2,4207512
T1.5.5 명목 수준(백만 달러),A008RC,Nonresidential,2025Q3,4293474
T1.5.5 명목 수준(백만 달러),A008RC,Nonresidential,2025Q4,4364412
T1.5.5 명목 수준(백만 달러),A008RC,Nonresidential,2026Q1,4490516
T1.5.5 명목 수준(백만 달러),A008RC,Nonresidential,2026Q2,4623657
T1.5.5 명목 수준(백만 달러),Y033RC,Equipment,2015Q1,1139214
T1.5.5 명목 수준(백만 달러),Y033RC,Equipment,2015Q2,1141608
T1.5.5 명목 수준(백만 달러),Y033RC,Equipment,2015Q3,1155625
T1.5.5 명목 수준(백만 달러),Y033RC,Equipment,2015Q4,1139957
T1.5.5 명목 수준(백만 달러),Y033RC,Equipment,2016Q1,1132464
T1.5.5 명목 수준(백만 달러),Y033RC,Equipment,2016Q2,1116870
T1.5.5 명목 수준(백만 달러),Y033RC,Equipment,2016Q3,1112963
T1.5.5 명목 수준(백만 달러),Y033RC,Equipment,2016Q4,1116828
T1.5.5 명목 수준(백만 달러),Y033RC,Equipment,2017Q1,1126307
T1.5.5 명목 수준(백만 달러),Y033RC,Equipment,2017Q2,1147226
T1.5.5 명목 수준(백만 달러),Y033RC,Equipment,2017Q3,1165640
T1.5.5 명목 수준(백만 달러),Y033RC,Equipment,2017Q4,1200639
T1.5.5 명목 수준(백만 달러),Y033RC,Equipment,2018Q1,1220546
T1.5.5 명목 수준(백만 달러),Y033RC,Equipment,2018Q2,1222023
T1.5.5 명목 수준(백만 달러),Y033RC,Equipment,2018Q3,1227106
T1.5.5 명목 수준(백만 달러),Y033RC,Equipment,2018Q4,1240806
T1.5.5 명목 수준(백만 달러),Y033RC,Equipment,2019Q1,1249844
T1.5.5 명목 수준(백만 달러),Y033RC,Equipment,2019Q2,1263133
T1.5.5 명목 수준(백만 달러),Y033RC,Equipment,2019Q3,1241745
T1.5.5 명목 수준(백만 달러),Y033RC,Equipment,2019Q4,1208882
T1.5.5 명목 수준(백만 달러),Y033RC,Equipment,2020Q1,1149198
T1.5.5 명목 수준(백만 달러),Y033RC,Equipment,2020Q2,1018188
T1.5.5 명목 수준(백만 달러),Y033RC,Equipment,2020Q3,1121038
T1.5.5 명목 수준(백만 달러),Y033RC,Equipment,2020Q4,1161565
T1.5.5 명목 수준(백만 달러),Y033RC,Equipment,2021Q1,1184076
T1.5.5 명목 수준(백만 달러),Y033RC,Equipment,2021Q2,1209181
T1.5.5 명목 수준(백만 달러),Y033RC,Equipment,2021Q3,1189132
T1.5.5 명목 수준(백만 달러),Y033RC,Equipment,2021Q4,1202881
T1.5.5 명목 수준(백만 달러),Y033RC,Equipment,2022Q1,1262651
T1.5.5 명목 수준(백만 달러),Y033RC,Equipment,2022Q2,1292185
T1.5.5 명목 수준(백만 달러),Y033RC,Equipment,2022Q3,1320649
T1.5.5 명목 수준(백만 달러),Y033RC,Equipment,2022Q4,1347576
T1.5.5 명목 수준(백만 달러),Y033RC,Equipment,2023Q1,1369420
T1.5.5 명목 수준(백만 달러),Y033RC,Equipment,2023Q2,1411625
T1.5.5 명목 수준(백만 달러),Y033RC,Equipment,2023Q3,1411241
T1.5.5 명목 수준(백만 달러),Y033RC,Equipment,2023Q4,1426351
T1.5.5 명목 수준(백만 달러),Y033RC,Equipment,2024Q1,1440602
T1.5.5 명목 수준(백만 달러),Y033RC,Equipment,2024Q2,1478522
T1.5.5 명목 수준(백만 달러),Y033RC,Equipment,2024Q3,1515723
T1.5.5 명목 수준(백만 달러),Y033RC,Equipment,2024Q4,1502170
T1.5.5 명목 수준(백만 달러),Y033RC,Equipment,2025Q1,1579108
T1.5.5 명목 수준(백만 달러),Y033RC,Equipment,2025Q2,1625035
T1.5.5 명목 수준(백만 달러),Y033RC,Equipment,2025Q3,1669428
T1.5.5 명목 수준(백만 달러),Y033RC,Equipment,2025Q4,1701302
T1.5.5 명목 수준(백만 달러),Y033RC,Equipment,2026Q1,1783079
T1.5.5 명목 수준(백만 달러),Y033RC,Equipment,2026Q2,1872574
T1.5.5 명목 수준(백만 달러),Y034RC,Information processing equipment,2015Q1,357025
T1.5.5 명목 수준(백만 달러),Y034RC,Information processing equipment,2015Q2,360900
T1.5.5 명목 수준(백만 달러),Y034RC,Information processing equipment,2015Q3,365773
T1.5.5 명목 수준(백만 달러),Y034RC,Information processing equipment,2015Q4,365281
T1.5.5 명목 수준(백만 달러),Y034RC,Information processing equipment,2016Q1,364557
T1.5.5 명목 수준(백만 달러),Y034RC,Information processing equipment,2016Q2,364166
T1.5.5 명목 수준(백만 달러),Y034RC,Information processing equipment,2016Q3,364644
T1.5.5 명목 수준(백만 달러),Y034RC,Information processing equipment,2016Q4,367493
T1.5.5 명목 수준(백만 달러),Y034RC,Information processing equipment,2017Q1,371971
T1.5.5 명목 수준(백만 달러),Y034RC,Information processing equipment,2017Q2,384401
T1.5.5 명목 수준(백만 달러),Y034RC,Information processing equipment,2017Q3,387867
T1.5.5 명목 수준(백만 달러),Y034RC,Information processing equipment,2017Q4,399610
T1.5.5 명목 수준(백만 달러),Y034RC,Information processing equipment,2018Q1,407517
T1.5.5 명목 수준(백만 달러),Y034RC,Information processing equipment,2018Q2,405529
T1.5.5 명목 수준(백만 달러),Y034RC,Information processing equipment,2018Q3,408926
T1.5.5 명목 수준(백만 달러),Y034RC,Information processing equipment,2018Q4,404532
T1.5.5 명목 수준(백만 달러),Y034RC,Information processing equipment,2019Q1,409105
T1.5.5 명목 수준(백만 달러),Y034RC,Information processing equipment,2019Q2,413098
T1.5.5 명목 수준(백만 달러),Y034RC,Information processing equipment,2019Q3,403601
T1.5.5 명목 수준(백만 달러),Y034RC,Information processing equipment,2019Q4,395667
T1.5.5 명목 수준(백만 달러),Y034RC,Information processing equipment,2020Q1,377519
T1.5.5 명목 수준(백만 달러),Y034RC,Information processing equipment,2020Q2,387054
T1.5.5 명목 수준(백만 달러),Y034RC,Information processing equipment,2020Q3,413309
T1.5.5 명목 수준(백만 달러),Y034RC,Information processing equipment,2020Q4,422868
T1.5.5 명목 수준(백만 달러),Y034RC,Information processing equipment,2021Q1,433516
T1.5.5 명목 수준(백만 달러),Y034RC,Information processing equipment,2021Q2,438469
T1.5.5 명목 수준(백만 달러),Y034RC,Information processing equipment,2021Q3,435278
T1.5.5 명목 수준(백만 달러),Y034RC,Information processing equipment,2021Q4,460215
T1.5.5 명목 수준(백만 달러),Y034RC,Information processing equipment,2022Q1,481631
T1.5.5 명목 수준(백만 달러),Y034RC,Information processing equipment,2022Q2,479703
T1.5.5 명목 수준(백만 달러),Y034RC,Information processing equipment,2022Q3,483907
T1.5.5 명목 수준(백만 달러),Y034RC,Information processing equipment,2022Q4,468163
T1.5.5 명목 수준(백만 달러),Y034RC,Information processing equipment,2023Q1,467871
T1.5.5 명목 수준(백만 달러),Y034RC,Information processing equipment,2023Q2,463404
T1.5.5 명목 수준(백만 달러),Y034RC,Information processing equipment,2023Q3,461309
T1.5.5 명목 수준(백만 달러),Y034RC,Information processing equipment,2023Q4,476166
T1.5.5 명목 수준(백만 달러),Y034RC,Information processing equipment,2024Q1,479688
T1.5.5 명목 수준(백만 달러),Y034RC,Information processing equipment,2024Q2,494165
T1.5.5 명목 수준(백만 달러),Y034RC,Information processing equipment,2024Q3,513923
T1.5.5 명목 수준(백만 달러),Y034RC,Information processing equipment,2024Q4,516788
T1.5.5 명목 수준(백만 달러),Y034RC,Information processing equipment,2025Q1,585183
T1.5.5 명목 수준(백만 달러),Y034RC,Information processing equipment,2025Q2,606518
T1.5.5 명목 수준(백만 달러),Y034RC,Information processing equipment,2025Q3,629969
T1.5.5 명목 수준(백만 달러),Y034RC,Information processing equipment,2025Q4,684755
T1.5.5 명목 수준(백만 달러),Y034RC,Information processing equipment,2026Q1,758822
T1.5.5 명목 수준(백만 달러),Y034RC,Information processing equipment,2026Q2,798329
T1.5.5 명목 수준(백만 달러),Y001RC,Intellectual property products,2015Q1,765453
T1.5.5 명목 수준(백만 달러),Y001RC,Intellectual property products,2015Q2,770986
T1.5.5 명목 수준(백만 달러),Y001RC,Intellectual property products,2015Q3,782181
T1.5.5 명목 수준(백만 달러),Y001RC,Intellectual property products,2015Q4,796896
T1.5.5 명목 수준(백만 달러),Y001RC,Intellectual property products,2016Q1,814945
T1.5.5 명목 수준(백만 달러),Y001RC,Intellectual property products,2016Q2,837761
T1.5.5 명목 수준(백만 달러),Y001RC,Intellectual property products,2016Q3,852193
T1.5.5 명목 수준(백만 달러),Y001RC,Intellectual property products,2016Q4,867130
T1.5.5 명목 수준(백만 달러),Y001RC,Intellectual property products,2017Q1,884582
T1.5.5 명목 수준(백만 달러),Y001RC,Intellectual property products,2017Q2,894391
T1.5.5 명목 수준(백만 달러),Y001RC,Intellectual property products,2017Q3,913386
T1.5.5 명목 수준(백만 달러),Y001RC,Intellectual property products,2017Q4,932628
T1.5.5 명목 수준(백만 달러),Y001RC,Intellectual property products,2018Q1,956773
T1.5.5 명목 수준(백만 달러),Y001RC,Intellectual property products,2018Q2,986128
T1.5.5 명목 수준(백만 달러),Y001RC,Intellectual property products,2018Q3,1001274
T1.5.5 명목 수준(백만 달러),Y001RC,Intellectual property products,2018Q4,1024695
T1.5.5 명목 수준(백만 달러),Y001RC,Intellectual property products,2019Q1,1040352
T1.5.5 명목 수준(백만 달러),Y001RC,Intellectual property products,2019Q2,1067006
T1.5.5 명목 수준(백만 달러),Y001RC,Intellectual property products,2019Q3,1086881
T1.5.5 명목 수준(백만 달러),Y001RC,Intellectual property products,2019Q4,1105309
T1.5.5 명목 수준(백만 달러),Y001RC,Intellectual property products,2020Q1,1126159
T1.5.5 명목 수준(백만 달러),Y001RC,Intellectual property products,2020Q2,1109837
T1.5.5 명목 수준(백만 달러),Y001RC,Intellectual property products,2020Q3,1132900
T1.5.5 명목 수준(백만 달러),Y001RC,Intellectual property products,2020Q4,1175929
T1.5.5 명목 수준(백만 달러),Y001RC,Intellectual property products,2021Q1,1207486
T1.5.5 명목 수준(백만 달러),Y001RC,Intellectual property products,2021Q2,1247463
T1.5.5 명목 수준(백만 달러),Y001RC,Intellectual property products,2021Q3,1277975
T1.5.5 명목 수준(백만 달러),Y001RC,Intellectual property products,2021Q4,1319280
T1.5.5 명목 수준(백만 달러),Y001RC,Intellectual property products,2022Q1,1364194
T1.5.5 명목 수준(백만 달러),Y001RC,Intellectual property products,2022Q2,1413820
T1.5.5 명목 수준(백만 달러),Y001RC,Intellectual property products,2022Q3,1446019
T1.5.5 명목 수준(백만 달러),Y001RC,Intellectual property products,2022Q4,1470728
T1.5.5 명목 수준(백만 달러),Y001RC,Intellectual property products,2023Q1,1501404
T1.5.5 명목 수준(백만 달러),Y001RC,Intellectual property products,2023Q2,1517456
T1.5.5 명목 수준(백만 달러),Y001RC,Intellectual property products,2023Q3,1529087
T1.5.5 명목 수준(백만 달러),Y001RC,Intellectual property products,2023Q4,1550080
T1.5.5 명목 수준(백만 달러),Y001RC,Intellectual property products,2024Q1,1576267
T1.5.5 명목 수준(백만 달러),Y001RC,Intellectual property products,2024Q2,1592226
T1.5.5 명목 수준(백만 달러),Y001RC,Intellectual property products,2024Q3,1618766
T1.5.5 명목 수준(백만 달러),Y001RC,Intellectual property products,2024Q4,1628269
T1.5.5 명목 수준(백만 달러),Y001RC,Intellectual property products,2025Q1,1647475
T1.5.5 명목 수준(백만 달러),Y001RC,Intellectual property products,2025Q2,1691198
T1.5.5 명목 수준(백만 달러),Y001RC,Intellectual property products,2025Q3,1736713
T1.5.5 명목 수준(백만 달러),Y001RC,Intellectual property products,2025Q4,1779239
T1.5.5 명목 수준(백만 달러),Y001RC,Intellectual property products,2026Q1,1826508
T1.5.5 명목 수준(백만 달러),Y001RC,Intellectual property products,2026Q2,1872433
T1.5.5 명목 수준(백만 달러),B985RC,Software\4\,2015Q1,311071
T1.5.5 명목 수준(백만 달러),B985RC,Software\4\,2015Q2,312700
T1.5.5 명목 수준(백만 달러),B985RC,Software\4\,2015Q3,316580
T1.5.5 명목 수준(백만 달러),B985RC,Software\4\,2015Q4,324687
T1.5.5 명목 수준(백만 달러),B985RC,Software\4\,2016Q1,335765
T1.5.5 명목 수준(백만 달러),B985RC,Software\4\,2016Q2,343319
T1.5.5 명목 수준(백만 달러),B985RC,Software\4\,2016Q3,351724
T1.5.5 명목 수준(백만 달러),B985RC,Software\4\,2016Q4,360832
T1.5.5 명목 수준(백만 달러),B985RC,Software\4\,2017Q1,369359
T1.5.5 명목 수준(백만 달러),B985RC,Software\4\,2017Q2,378807
T1.5.5 명목 수준(백만 달러),B985RC,Software\4\,2017Q3,387227
T1.5.5 명목 수준(백만 달러),B985RC,Software\4\,2017Q4,396389
T1.5.5 명목 수준(백만 달러),B985RC,Software\4\,2018Q1,406838
T1.5.5 명목 수준(백만 달러),B985RC,Software\4\,2018Q2,419506
T1.5.5 명목 수준(백만 달러),B985RC,Software\4\,2018Q3,428905
T1.5.5 명목 수준(백만 달러),B985RC,Software\4\,2018Q4,435859
T1.5.5 명목 수준(백만 달러),B985RC,Software\4\,2019Q1,433210
T1.5.5 명목 수준(백만 달러),B985RC,Software\4\,2019Q2,442637
T1.5.5 명목 수준(백만 달러),B985RC,Software\4\,2019Q3,451805
T1.5.5 명목 수준(백만 달러),B985RC,Software\4\,2019Q4,461752
T1.5.5 명목 수준(백만 달러),B985RC,Software\4\,2020Q1,472588
T1.5.5 명목 수준(백만 달러),B985RC,Software\4\,2020Q2,470088
T1.5.5 명목 수준(백만 달러),B985RC,Software\4\,2020Q3,475410
T1.5.5 명목 수준(백만 달러),B985RC,Software\4\,2020Q4,494712
T1.5.5 명목 수준(백만 달러),B985RC,Software\4\,2021Q1,510612
T1.5.5 명목 수준(백만 달러),B985RC,Software\4\,2021Q2,528315
T1.5.5 명목 수준(백만 달러),B985RC,Software\4\,2021Q3,539449
T1.5.5 명목 수준(백만 달러),B985RC,Software\4\,2021Q4,554153
T1.5.5 명목 수준(백만 달러),B985RC,Software\4\,2022Q1,575858
T1.5.5 명목 수준(백만 달러),B985RC,Software\4\,2022Q2,595628
T1.5.5 명목 수준(백만 달러),B985RC,Software\4\,2022Q3,611122
T1.5.5 명목 수준(백만 달러),B985RC,Software\4\,2022Q4,621515
T1.5.5 명목 수준(백만 달러),B985RC,Software\4\,2023Q1,636090
T1.5.5 명목 수준(백만 달러),B985RC,Software\4\,2023Q2,638386
T1.5.5 명목 수준(백만 달러),B985RC,Software\4\,2023Q3,645436
T1.5.5 명목 수준(백만 달러),B985RC,Software\4\,2023Q4,658537
T1.5.5 명목 수준(백만 달러),B985RC,Software\4\,2024Q1,671394
T1.5.5 명목 수준(백만 달러),B985RC,Software\4\,2024Q2,687423
T1.5.5 명목 수준(백만 달러),B985RC,Software\4\,2024Q3,702928
T1.5.5 명목 수준(백만 달러),B985RC,Software\4\,2024Q4,710239
T1.5.5 명목 수준(백만 달러),B985RC,Software\4\,2025Q1,726021
T1.5.5 명목 수준(백만 달러),B985RC,Software\4\,2025Q2,745934
T1.5.5 명목 수준(백만 달러),B985RC,Software\4\,2025Q3,765536
T1.5.5 명목 수준(백만 달러),B985RC,Software\4\,2025Q4,781603
T1.5.5 명목 수준(백만 달러),B985RC,Software\4\,2026Q1,797647
T1.5.5 명목 수준(백만 달러),B985RC,Software\4\,2026Q2,814524
