observation_date,CES9093161101
1955-01-01,1707.2
1955-02-01,1711.6
1955-03-01,1724.9
1955-04-01,1735.9
1955-05-01,1744.6
1955-06-01,1786.7
1955-07-01,1752.0
1955-08-01,1739.4
1955-09-01,1758.6
1955-10-01,1770.3
1955-11-01,1782.1
1955-12-01,1796.2
1956-01-01,1813.0
1956-02-01,1828.1
1956-03-01,1839.8
1956-04-01,1854.4
1956-05-01,1873.7
1956-06-01,1888.2
1956-07-01,1875.6
1956-08-01,1910.7
1956-09-01,1919.2
1956-10-01,1917.6
1956-11-01,1937.2
1956-12-01,1950.3
1957-01-01,1960.5
1957-02-01,1975.9
1957-03-01,1988.8
1957-04-01,2009.4
1957-05-01,2010.5
1957-06-01,2016.1
1957-07-01,2033.2
1957-08-01,2040.0
1957-09-01,2045.6
1957-10-01,2063.9
1957-11-01,2082.6
1957-12-01,2075.9
1958-01-01,2080.1
1958-02-01,2081.5
1958-03-01,2090.0
1958-04-01,2092.2
1958-05-01,2096.2
1958-06-01,2109.0
1958-07-01,2117.9
1958-08-01,2135.1
1958-09-01,2145.2
1958-10-01,2139.2
1958-11-01,2141.0
1958-12-01,2146.7
1959-01-01,2151.7
1959-02-01,2157.3
1959-03-01,2161.9
1959-04-01,2172.7
1959-05-01,2180.9
1959-06-01,2172.0
1959-07-01,2187.1
1959-08-01,2191.1
1959-09-01,2236.5
1959-10-01,2240.6
1959-11-01,2252.2
1959-12-01,2263.7
1960-01-01,2272.5
1960-02-01,2282.3
1960-03-01,2286.7
1960-04-01,2293.6
1960-05-01,2296.7
1960-06-01,2318.6
1960-07-01,2321.3
1960-08-01,2324.9
1960-09-01,2333.4
1960-10-01,2339.2
1960-11-01,2347.4
1960-12-01,2357.8
1961-01-01,2361.9
1961-02-01,2366.7
1961-03-01,2374.0
1961-04-01,2385.3
1961-05-01,2392.6
1961-06-01,2400.7
1961-07-01,2421.5
1961-08-01,2415.2
1961-09-01,2445.2
1961-10-01,2450.7
1961-11-01,2457.1
1961-12-01,2462.8
1962-01-01,2470.6
1962-02-01,2475.4
1962-03-01,2478.6
1962-04-01,2485.8
1962-05-01,2484.9
1962-06-01,2509.2
1962-07-01,2531.1
1962-08-01,2543.5
1962-09-01,2553.5
1962-10-01,2567.4
1962-11-01,2578.8
1962-12-01,2592.0
1963-01-01,2607.4
1963-02-01,2622.3
1963-03-01,2635.0
1963-04-01,2638.9
1963-05-01,2650.6
1963-06-01,2665.0
1963-07-01,2666.4
1963-08-01,2681.6
1963-09-01,2702.5
1963-10-01,2738.3
1963-11-01,2738.4
1963-12-01,2753.1
1964-01-01,2762.5
1964-02-01,2770.8
1964-03-01,2783.2
1964-04-01,2795.1
1964-05-01,2808.8
1964-06-01,2827.5
1964-07-01,2826.6
1964-08-01,2846.8
1964-09-01,2884.6
1964-10-01,2917.1
1964-11-01,2919.5
1964-12-01,2932.9
1965-01-01,2952.0
1965-02-01,2962.2
1965-03-01,2968.2
1965-04-01,2982.0
1965-05-01,2993.8
1965-06-01,3008.7
1965-07-01,3031.4
1965-08-01,3053.1
1965-09-01,3071.1
1965-10-01,3094.7
1965-11-01,3121.0
1965-12-01,3147.3
1966-01-01,3162.5
1966-02-01,3189.6
1966-03-01,3224.9
1966-04-01,3252.9
1966-05-01,3275.7
1966-06-01,3300.5
1966-07-01,3321.2
1966-08-01,3333.0
1966-09-01,3339.6
1966-10-01,3373.6
1966-11-01,3398.0
1966-12-01,3414.9
1967-01-01,3429.4
1967-02-01,3437.8
1967-03-01,3447.8
1967-04-01,3460.8
1967-05-01,3473.8
1967-06-01,3491.7
1967-07-01,3499.1
1967-08-01,3513.0
1967-09-01,3523.2
1967-10-01,3513.2
1967-11-01,3540.8
1967-12-01,3562.1
1968-01-01,3594.4
1968-02-01,3601.9
1968-03-01,3614.0
1968-04-01,3626.5
1968-05-01,3633.5
1968-06-01,3635.9
1968-07-01,3652.8
1968-08-01,3665.5
1968-09-01,3683.5
1968-10-01,3702.3
1968-11-01,3669.3
1968-12-01,3726.0
1969-01-01,3737.0
1969-02-01,3741.0
1969-03-01,3745.8
1969-04-01,3752.7
1969-05-01,3771.3
1969-06-01,3777.1
1969-07-01,3783.3
1969-08-01,3823.4
1969-09-01,3805.8
1969-10-01,3819.6
1969-11-01,3829.8
1969-12-01,3846.7
1970-01-01,3846.9
1970-02-01,3851.1
1970-03-01,3853.5
1970-04-01,3857.1
1970-05-01,3869.6
1970-06-01,3893.4
1970-07-01,3939.7
1970-08-01,3947.7
1970-09-01,3946.8
1970-10-01,3968.3
1970-11-01,3990.0
1970-12-01,3994.6
1971-01-01,4022.4
1971-02-01,4038.3
1971-03-01,4057.0
1971-04-01,4074.6
1971-05-01,4089.6
1971-06-01,4097.3
1971-07-01,4102.6
1971-08-01,4111.6
1971-09-01,4112.2
1971-10-01,4123.2
1971-11-01,4127.6
1971-12-01,4147.9
1972-01-01,4173.2
1972-02-01,4191.8
1972-03-01,4192.8
1972-04-01,4200.5
1972-05-01,4220.8
1972-06-01,4231.7
1972-07-01,4282.2
1972-08-01,4314.5
1972-09-01,4325.3
1972-10-01,4324.1
1972-11-01,4344.8
1972-12-01,4359.4
1973-01-01,4368.7
1973-02-01,4369.5
1973-03-01,4388.0
1973-04-01,4407.6
1973-05-01,4415.6
1973-06-01,4429.8
1973-07-01,4428.9
1973-08-01,4436.3
1973-09-01,4448.5
1973-10-01,4476.5
1973-11-01,4513.5
1973-12-01,4512.3
1974-01-01,4508.8
1974-02-01,4511.6
1974-03-01,4511.9
1974-04-01,4523.7
1974-05-01,4530.3
1974-06-01,4551.2
1974-07-01,4574.1
1974-08-01,4577.3
1974-09-01,4677.3
1974-10-01,4676.1
1974-11-01,4681.6
1974-12-01,4688.4
1975-01-01,4694.3
1975-02-01,4741.8
1975-03-01,4724.3
1975-04-01,4726.5
1975-05-01,4749.5
1975-06-01,4728.4
1975-07-01,4689.5
1975-08-01,4678.9
1975-09-01,4689.0
1975-10-01,4740.0
1975-11-01,4741.3
1975-12-01,4754.2
1976-01-01,4779.9
1976-02-01,4797.4
1976-03-01,4797.8
1976-04-01,4795.8
1976-05-01,4781.8
1976-06-01,4778.0
1976-07-01,4775.9
1976-08-01,4811.8
1976-09-01,4765.7
1976-10-01,4772.5
1976-11-01,4788.3
1976-12-01,4790.2
1977-01-01,4787.9
1977-02-01,4785.7
1977-03-01,4798.2
1977-04-01,4797.2
1977-05-01,4825.1
1977-06-01,4856.4
1977-07-01,4891.6
1977-08-01,4898.7
1977-09-01,4911.9
1977-10-01,4926.3
1977-11-01,4931.0
1977-12-01,4928.9
1978-01-01,4936.0
1978-02-01,4946.8
1978-03-01,4955.7
1978-04-01,4973.4
1978-05-01,4983.1
1978-06-01,4981.8
1978-07-01,5045.3
1978-08-01,5036.3
1978-09-01,4895.3
1978-10-01,4918.7
1978-11-01,4921.9
1978-12-01,4935.7
1979-01-01,4935.8
1979-02-01,4930.1
1979-03-01,4923.8
1979-04-01,4954.1
1979-05-01,4956.9
1979-06-01,4979.7
1979-07-01,5029.2
1979-08-01,5102.1
1979-09-01,4978.5
1979-10-01,5027.3
1979-11-01,5041.6
1979-12-01,5051.8
1980-01-01,5072.3
1980-02-01,5072.2
1980-03-01,5072.9
1980-04-01,5064.6
1980-05-01,5086.4
1980-06-01,5098.9
1980-07-01,5066.3
1980-08-01,5124.3
1980-09-01,5078.6
1980-10-01,5118.2
1980-11-01,5116.4
1980-12-01,5118.7
1981-01-01,5115.9
1981-02-01,5126.4
1981-03-01,5108.7
1981-04-01,5110.9
1981-05-01,5102.6
1981-06-01,5106.4
1981-07-01,5088.4
1981-08-01,5088.8
1981-09-01,5042.3
1981-10-01,5071.3
1981-11-01,5089.3
1981-12-01,5083.1
1982-01-01,5071.6
1982-02-01,5056.5
1982-03-01,5073.7
1982-04-01,5080.3
1982-05-01,5098.6
1982-06-01,5117.6
1982-07-01,4991.9
1982-08-01,5020.5
1982-09-01,4991.5
1982-10-01,5012.3
1982-11-01,5025.0
1982-12-01,5023.5
1983-01-01,5029.9
1983-02-01,5026.4
1983-03-01,5034.2
1983-04-01,5025.5
1983-05-01,5045.7
1983-06-01,5021.9
1983-07-01,4994.4
1983-08-01,5007.8
1983-09-01,5018.5
1983-10-01,4986.4
1983-11-01,5013.9
1983-12-01,5013.4
1984-01-01,5013.8
1984-02-01,5026.2
1984-03-01,5022.5
1984-04-01,5046.9
1984-05-01,5048.7
1984-06-01,5028.1
1984-07-01,5082.6
1984-08-01,5109.0
1984-09-01,5130.2
1984-10-01,5138.4
1984-11-01,5142.2
1984-12-01,5116.8
1985-01-01,5161.0
1985-02-01,5160.0
1985-03-01,5170.7
1985-04-01,5177.5
1985-05-01,5194.5
1985-06-01,5197.0
1985-07-01,5245.0
1985-08-01,5261.9
1985-09-01,5265.0
1985-10-01,5265.5
1985-11-01,5274.4
1985-12-01,5278.9
1986-01-01,5285.7
1986-02-01,5314.6
1986-03-01,5314.0
1986-04-01,5315.5
1986-05-01,5335.3
1986-06-01,5332.4
1986-07-01,5342.0
1986-08-01,5323.0
1986-09-01,5400.9
1986-10-01,5439.5
1986-11-01,5434.7
1986-12-01,5438.5
1987-01-01,5445.0
1987-02-01,5432.9
1987-03-01,5442.8
1987-04-01,5464.7
1987-05-01,5461.1
1987-06-01,5475.4
1987-07-01,5478.3
1987-08-01,5447.9
1987-09-01,5415.7
1987-10-01,5516.4
1987-11-01,5516.4
1987-12-01,5522.3
1988-01-01,5525.8
1988-02-01,5537.1
1988-03-01,5563.5
1988-04-01,5568.3
1988-05-01,5577.9
1988-06-01,5592.7
1988-07-01,5587.0
1988-08-01,5570.5
1988-09-01,5619.2
1988-10-01,5634.0
1988-11-01,5640.4
1988-12-01,5658.0
1989-01-01,5677.0
1989-02-01,5689.6
1989-03-01,5694.3
1989-04-01,5701.9
1989-05-01,5723.5
1989-06-01,5733.5
1989-07-01,5721.2
1989-08-01,5755.2
1989-09-01,5774.0
1989-10-01,5785.2
1989-11-01,5801.3
1989-12-01,5816.6
1990-01-01,5842.8
1990-02-01,5851.3
1990-03-01,5856.5
1990-04-01,5863.6
1990-05-01,5875.3
1990-06-01,5882.7
1990-07-01,5918.7
1990-08-01,5926.4
1990-09-01,5941.2
1990-10-01,5952.5
1990-11-01,5956.2
1990-12-01,5958.8
1991-01-01,5960.2
1991-02-01,5965.3
1991-03-01,5970.7
1991-04-01,5969.9
1991-05-01,5981.1
1991-06-01,5995.4
1991-07-01,6033.4
1991-08-01,6014.5
1991-09-01,5984.1
1991-10-01,5995.4
1991-11-01,6008.1
1991-12-01,6019.5
1992-01-01,6032.1
1992-02-01,6033.9
1992-03-01,6043.7
1992-04-01,6062.1
1992-05-01,6057.1
1992-06-01,6065.5
1992-07-01,6086.0
1992-08-01,6088.7
1992-09-01,6082.1
1992-10-01,6111.7
1992-11-01,6127.0
1992-12-01,6137.1
1993-01-01,6157.3
1993-02-01,6167.1
1993-03-01,6174.2
1993-04-01,6178.8
1993-05-01,6193.8
1993-06-01,6209.6
1993-07-01,6253.0
1993-08-01,6221.2
1993-09-01,6220.1
1993-10-01,6233.4
1993-11-01,6245.9
1993-12-01,6262.7
1994-01-01,6273.1
1994-02-01,6267.2
1994-03-01,6288.0
1994-04-01,6309.3
1994-05-01,6322.2
1994-06-01,6342.5
1994-07-01,6347.5
1994-08-01,6345.4
1994-09-01,6362.9
1994-10-01,6374.9
1994-11-01,6380.3
1994-12-01,6391.6
1995-01-01,6404.5
1995-02-01,6408.8
1995-03-01,6424.4
1995-04-01,6433.1
1995-05-01,6439.5
1995-06-01,6453.0
1995-07-01,6459.4
1995-08-01,6463.1
1995-09-01,6476.0
1995-10-01,6482.3
1995-11-01,6496.7
1995-12-01,6514.4
1996-01-01,6503.4
1996-02-01,6510.7
1996-03-01,6544.5
1996-04-01,6550.1
1996-05-01,6564.4
1996-06-01,6579.2
1996-07-01,6600.3
1996-08-01,6569.6
1996-09-01,6632.6
1996-10-01,6649.4
1996-11-01,6661.1
1996-12-01,6673.8
1997-01-01,6686.3
1997-02-01,6696.6
1997-03-01,6710.2
1997-04-01,6713.2
1997-05-01,6720.1
1997-06-01,6752.1
1997-07-01,6767.5
1997-08-01,6730.6
1997-09-01,6804.0
1997-10-01,6821.0
1997-11-01,6827.4
1997-12-01,6836.9
1998-01-01,6849.3
1998-02-01,6867.5
1998-03-01,6872.8
1998-04-01,6891.4
1998-05-01,6904.1
1998-06-01,6911.3
1998-07-01,6927.8
1998-08-01,6944.2
1998-09-01,6954.6
1998-10-01,6969.4
1998-11-01,6992.2
1998-12-01,7005.8
1999-01-01,7020.1
1999-02-01,7043.4
1999-03-01,7059.6
1999-04-01,7072.2
1999-05-01,7088.5
1999-06-01,7115.2
1999-07-01,7119.8
1999-08-01,7145.8
1999-09-01,7169.1
1999-10-01,7190.3
1999-11-01,7210.9
1999-12-01,7235.3
2000-01-01,7254.9
2000-02-01,7246.0
2000-03-01,7264.7
2000-04-01,7293.1
2000-05-01,7293.2
2000-06-01,7262.1
2000-07-01,7272.4
2000-08-01,7298.1
2000-09-01,7311.8
2000-10-01,7330.6
2000-11-01,7339.7
2000-12-01,7359.7
2001-01-01,7384.7
2001-02-01,7410.9
2001-03-01,7427.0
2001-04-01,7456.3
2001-05-01,7460.2
2001-06-01,7481.3
2001-07-01,7457.0
2001-08-01,7481.2
2001-09-01,7520.6
2001-10-01,7536.0
2001-11-01,7557.8
2001-12-01,7575.2
2002-01-01,7584.3
2002-02-01,7593.7
2002-03-01,7620.8
2002-04-01,7623.1
2002-05-01,7642.7
2002-06-01,7655.2
2002-07-01,7661.9
2002-08-01,7684.5
2002-09-01,7677.1
2002-10-01,7684.8
2002-11-01,7690.6
2002-12-01,7690.2
2003-01-01,7697.4
2003-02-01,7697.4
2003-03-01,7691.2
2003-04-01,7698.5
2003-05-01,7695.0
2003-06-01,7731.5
2003-07-01,7779.1
2003-08-01,7725.2
2003-09-01,7667.5
2003-10-01,7716.5
2003-11-01,7702.5
2003-12-01,7703.1
2004-01-01,7712.0
2004-02-01,7719.9
2004-03-01,7748.3
2004-04-01,7753.8
2004-05-01,7776.7
2004-06-01,7760.7
2004-07-01,7757.5
2004-08-01,7766.9
2004-09-01,7774.3
2004-10-01,7782.8
2004-11-01,7797.5
2004-12-01,7803.2
2005-01-01,7821.9
2005-02-01,7831.1
2005-03-01,7820.9
2005-04-01,7829.4
2005-05-01,7840.2
2005-06-01,7818.8
2005-07-01,7904.7
2005-08-01,7907.3
2005-09-01,7878.7
2005-10-01,7864.6
2005-11-01,7875.6
2005-12-01,7883.0
2006-01-01,7882.2
2006-02-01,7886.9
2006-03-01,7890.6
2006-04-01,7896.1
2006-05-01,7883.9
2006-06-01,7867.8
2006-07-01,7899.9
2006-08-01,7935.2
2006-09-01,7972.6
2006-10-01,7950.2
2006-11-01,7954.5
2006-12-01,7956.8
2007-01-01,7959.8
2007-02-01,7953.3
2007-03-01,7956.3
2007-04-01,7965.4
2007-05-01,7974.3
2007-06-01,7964.6
2007-07-01,7945.7
2007-08-01,7991.8
2007-09-01,8008.6
2007-10-01,8023.0
2007-11-01,8034.4
2007-12-01,8054.7
2008-01-01,8053.5
2008-02-01,8064.7
2008-03-01,8067.9
2008-04-01,8062.0
2008-05-01,8078.1
2008-06-01,8086.2
2008-07-01,8119.4
2008-08-01,8091.9
2008-09-01,8085.3
2008-10-01,8089.8
2008-11-01,8082.8
2008-12-01,8083.6
2009-01-01,8084.0
2009-02-01,8096.7
2009-03-01,8093.7
2009-04-01,8091.6
2009-05-01,8088.2
2009-06-01,8108.4
2009-07-01,8066.7
2009-08-01,8061.9
2009-09-01,8012.3
2009-10-01,8073.7
2009-11-01,8099.1
2009-12-01,8071.6
2010-01-01,8068.5
2010-02-01,8057.0
2010-03-01,8058.0
2010-04-01,8056.3
2010-05-01,8062.4
2010-06-01,8048.6
2010-07-01,8026.3
2010-08-01,7997.1
2010-09-01,7919.2
2010-10-01,7963.7
2010-11-01,7961.5
2010-12-01,7953.5
2011-01-01,7943.6
2011-02-01,7929.6
2011-03-01,7924.9
2011-04-01,7936.7
2011-05-01,7898.7
2011-06-01,7960.5
2011-07-01,7862.0
2011-08-01,7821.2
2011-09-01,7798.0
2011-10-01,7827.9
2011-11-01,7814.7
2011-12-01,7804.2
2012-01-01,7797.4
2012-02-01,7799.8
2012-03-01,7794.5
2012-04-01,7785.7
2012-05-01,7774.0
2012-06-01,7778.2
2012-07-01,7771.8
2012-08-01,7770.8
2012-09-01,7768.8
2012-10-01,7759.3
2012-11-01,7755.3
2012-12-01,7771.2
2013-01-01,7769.8
2013-02-01,7770.3
2013-03-01,7774.6
2013-04-01,7769.0
2013-05-01,7781.2
2013-06-01,7757.8
2013-07-01,7765.4
2013-08-01,7774.4
2013-09-01,7773.2
2013-10-01,7776.1
2013-11-01,7778.6
2013-12-01,7760.7
2014-01-01,7762.4
2014-02-01,7767.7
2014-03-01,7778.0
2014-04-01,7798.8
2014-05-01,7767.2
2014-06-01,7815.9
2014-07-01,7847.6
2014-08-01,7812.2
2014-09-01,7837.6
2014-10-01,7845.0
2014-11-01,7844.7
2014-12-01,7849.0
2015-01-01,7854.1
2015-02-01,7864.3
2015-03-01,7852.6
2015-04-01,7863.4
2015-05-01,7870.2
2015-06-01,7872.8
2015-07-01,7896.4
2015-08-01,7892.5
2015-09-01,7849.4
2015-10-01,7867.5
2015-11-01,7875.9
2015-12-01,7875.4
2016-01-01,7878.7
2016-02-01,7886.3
2016-03-01,7904.5
2016-04-01,7903.6
2016-05-01,7913.6
2016-06-01,7867.8
2016-07-01,7962.4
2016-08-01,7942.7
2016-09-01,7938.5
2016-10-01,7919.1
2016-11-01,7899.8
2016-12-01,7910.5
2017-01-01,7919.3
2017-02-01,7921.5
2017-03-01,7923.7
2017-04-01,7922.1
2017-05-01,7923.6
2017-06-01,7922.5
2017-07-01,7917.7
2017-08-01,7871.4
2017-09-01,7915.3
2017-10-01,7931.4
2017-11-01,7939.5
2017-12-01,7941.7
2018-01-01,7929.4
2018-02-01,7967.0
2018-03-01,7965.9
2018-04-01,7961.4
2018-05-01,7971.3
2018-06-01,7990.0
2018-07-01,7945.5
2018-08-01,7974.2
2018-09-01,7966.1
2018-10-01,7964.9
2018-11-01,7965.4
2018-12-01,7983.0
2019-01-01,7986.4
2019-02-01,7991.0
2019-03-01,8015.5
2019-04-01,8032.3
2019-05-01,8009.6
2019-06-01,7983.0
2019-07-01,7964.0
2019-08-01,7980.6
2019-09-01,7997.9
2019-10-01,8011.3
2019-11-01,8028.9
2019-12-01,8033.4
2020-01-01,8039.6
2020-02-01,8055.6
2020-03-01,8049.7
2020-04-01,7627.0
2020-05-01,7328.0
2020-06-01,7342.0
2020-07-01,7385.3
2020-08-01,7527.1
2020-09-01,7419.3
2020-10-01,7396.3
2020-11-01,7379.9
2020-12-01,7377.4
2021-01-01,7419.7
2021-02-01,7422.4
2021-03-01,7458.1
2021-04-01,7487.8
2021-05-01,7526.0
2021-06-01,7634.5
2021-07-01,7661.4
2021-08-01,7763.0
2021-09-01,7717.0
2021-10-01,7665.4
2021-11-01,7686.8
2021-12-01,7706.0
2022-01-01,7725.9
2022-02-01,7730.2
2022-03-01,7745.4
2022-04-01,7756.5
2022-05-01,7767.2
2022-06-01,7778.4
2022-07-01,7892.4
2022-08-01,7862.1
2022-09-01,7845.7
2022-10-01,7829.6
2022-11-01,7869.9
2022-12-01,7875.4
2023-01-01,7906.9
2023-02-01,7927.9
2023-03-01,7934.6
2023-04-01,7939.8
2023-05-01,7958.2
2023-06-01,7969.8
2023-07-01,7994.3
2023-08-01,8021.3
2023-09-01,8030.4
2023-10-01,8038.0
2023-11-01,8059.8
2023-12-01,8079.0
2024-01-01,8082.1
2024-02-01,8098.6
2024-03-01,8130.2
2024-04-01,8123.0
2024-05-01,8126.7
2024-06-01,8106.2
2024-07-01,8140.4
2024-08-01,8146.0
2024-09-01,8148.4
2024-10-01,8160.2
2024-11-01,8165.2
2024-12-01,8173.5
2025-01-01,8183.5
2025-02-01,8191.4
2025-03-01,8198.8
2025-04-01,8203.9
2025-05-01,8207.9
2025-06-01,8219.8
2025-07-01,8224.4
2025-08-01,8227.0
2025-09-01,8234.0
2025-10-01,8239.6
2025-11-01,8237.6
2025-12-01,8231.8
2026-01-01,8234.7
2026-02-01,8229.5
2026-03-01,8240.5
2026-04-01,8229.5
2026-05-01,8203.4
2026-06-01,8191.8
2026-07-01,8142.2
